Garden,WholePlotID,SplitPlotID,PlantID,Cyanotype,Cyanogenesis,Ac_ac,Li_li,Precipitation,Herbivores,Survived21,Flowered21,Seeded21,FlowerHeadNumber21,SeedSetMass21,MaxArea21,GrowthRate21,Herbivory21,SurvivedWinter,Survived22,Flowered22,Seeded22,FlowerHeadNumber22,SeedSetMass22,MaxArea22,GrowthRate22,Herbivory22
Ontario,1,1,1,AcLi,Cyanogenic,Ac,Li,Reduced,Reduced,1,1,1,52,1.914,1311.46,0.031852905,2.933333333,1,1,1,1,295,5.2451,1230.2,0.037713183,5.466666667
Ontario,1,1,2,Acli,Acyanogenic,Ac,li,Reduced,Reduced,1,1,1,69,1.5268,1899.29,0.041953969,0.666666667,1,1,1,1,357,4.6309,1152.99,0.049944862,5.533333333
Ontario,1,1,3,acLi,Acyanogenic,ac,Li,Reduced,Reduced,1,1,1,46,1.3322,1376.65,0.02722484,3.733333333,1,1,1,1,102,1.1511,402.08,0.070892958,6
Ontario,1,1,4,acli,Acyanogenic,ac,li,Reduced,Reduced,0,0,0,0,0,1.36,NA,NA,NA,NA,NA,NA,NA,NA,878.07,NA,NA
Ontario,1,2,1,AcLi,Cyanogenic,Ac,Li,Control,Reduced,1,1,1,90,4.2206,1860.38,0.035457439,2.066666667,1,1,1,1,537,11.4304,1109.36,0.00465272,3.6
Ontario,1,2,2,Acli,Acyanogenic,Ac,li,Control,Reduced,1,1,1,168,5.5843,1828.74,0.032493372,1.266666667,1,1,1,1,345,5.9245,993.82,0.028107464,5.466666667
Ontario,1,2,3,acLi,Acyanogenic,ac,Li,Control,Reduced,1,1,1,68,2.2603,2114.19,0.037723136,1.333333333,1,1,1,1,332,5.558,1093.55,0.062249481,4.733333333
Ontario,1,2,4,acli,Acyanogenic,ac,li,Control,Reduced,1,1,1,107,2.298,3193.13,0.04452838,0.666666667,1,1,1,1,637,4.6855,385.99,NA,11.46666667
Ontario,2,1,1,AcLi,Cyanogenic,Ac,Li,Reduced,Control,1,1,1,27,0.8452,1637.64,0.037052853,35.26666667,1,0,0,0,0,0,1.97,NA,NA
Ontario,2,1,2,Acli,Acyanogenic,Ac,li,Reduced,Control,1,1,1,1,0.0044,789.12,0.038592422,17,1,1,1,1,6,0.0046,286.56,0.086101283,14
Ontario,2,1,3,acLi,Acyanogenic,ac,Li,Reduced,Control,1,1,1,30,1.0545,1047.04,0.032411893,10.13333333,1,1,1,1,58,1.6734,252.38,0.043852885,12.93333333
Ontario,2,1,4,acli,Acyanogenic,ac,li,Reduced,Control,1,1,1,47,1.0835,1028.44,0.025565201,8.333333333,0,NA,NA,NA,NA,NA,NA,NA,NA
Ontario,2,2,1,AcLi,Cyanogenic,Ac,Li,Control,Control,1,1,1,31,0.551,1241.01,0.038321281,17.46666667,1,1,1,1,138,4.4456,21.37,NA,11.8
Ontario,2,2,2,Acli,Acyanogenic,Ac,li,Control,Control,1,1,1,26,0.6069,989.32,0.036739613,3,1,1,1,1,447,7.7409,1043.62,0.03796917,18.93333333
Ontario,2,2,3,acLi,Acyanogenic,ac,Li,Control,Control,1,1,1,15,0.2915,1318.46,0.028566357,8.666666667,1,1,1,1,2,0.138,NA,NA,36.13333333
Ontario,2,2,4,acli,Acyanogenic,ac,li,Control,Control,1,1,1,72,0.8029,1232.4,0.032390812,17.26666667,1,1,0,0,0,0,4.75,NA,NA
Ontario,3,1,1,AcLi,Cyanogenic,Ac,Li,Control,Reduced,1,1,1,3,0.0343,334.3,0.019022153,1.933333333,1,1,1,1,267,2.1384,1254.61,0.03328537,5.6
Ontario,3,1,2,Acli,Acyanogenic,Ac,li,Control,Reduced,1,0,0,0,0,198.62,0.019825399,0.733333333,1,1,1,1,98,1.3666,437.24,0.036124155,6.533333333
Ontario,3,1,3,acLi,Acyanogenic,ac,Li,Control,Reduced,1,1,1,3,0.0357,114.12,0.016401499,9,1,1,1,1,57,1.4907,337.86,0.047237771,12.66666667
Ontario,3,1,4,acli,Acyanogenic,ac,li,Control,Reduced,1,0,0,0,0,193.13,0.015904569,2.666666667,1,1,0,0,0,0,112.37,0.028245484,16.33333333
Ontario,3,2,1,AcLi,Cyanogenic,Ac,Li,Reduced,Reduced,1,0,0,0,0,198.22,0.02049485,NA,1,1,1,1,50,0.35,634.77,0.050969223,14
Ontario,3,2,2,Acli,Acyanogenic,Ac,li,Reduced,Reduced,1,0,0,0,0,72.67,0.008356205,0.133333333,1,1,1,1,8,0.2486,159.14,0.046244155,17.26666667
Ontario,3,2,3,acLi,Acyanogenic,ac,Li,Reduced,Reduced,1,0,0,0,0,45.09,NA,2.533333333,1,1,1,1,8,0.2539,85.88,0.032305604,15.33333333
Ontario,3,2,4,acli,Acyanogenic,ac,li,Reduced,Reduced,1,0,0,0,0,259.81,0.025819952,9.266666667,1,1,1,1,171,2.2643,417.9,0.033033619,13.93333333
Ontario,4,1,1,AcLi,Cyanogenic,Ac,Li,Reduced,Reduced,1,1,1,1,0.0031,216.1,0.01957226,2.2,1,1,1,1,186,0.7872,390.42,0.029512768,5.666666667
Ontario,4,1,2,Acli,Acyanogenic,Ac,li,Reduced,Reduced,1,1,1,27,0.2792,1441,NA,0.533333333,1,1,1,1,545,2.8579,904.49,0.011523769,2.266666667
Ontario,4,1,3,acLi,Acyanogenic,ac,Li,Reduced,Reduced,1,1,1,2,0.0293,259.49,0.02829177,14,1,1,0,0,0,0,109,0.023410713,22.66666667
Ontario,4,1,4,acli,Acyanogenic,ac,li,Reduced,Reduced,1,1,1,40,0.2409,727.39,0.029114282,8.866666667,1,1,1,1,41,0.1771,209.25,0.087397597,13.93333333
Ontario,4,2,1,AcLi,Cyanogenic,Ac,Li,Control,Reduced,1,1,1,9,0.3249,519.93,0.026206961,1.6,1,1,1,1,107,0.9172,1022.59,0.027885286,5.133333333
Ontario,4,2,2,Acli,Acyanogenic,Ac,li,Control,Reduced,1,1,1,5,0.3182,996.41,0.027545754,0.066666667,1,1,1,1,40,0.4283,749.51,0.014394852,10.6
Ontario,4,2,3,acLi,Acyanogenic,ac,Li,Control,Reduced,1,1,1,1,0.0013,593.58,0.020598341,3.8,1,0,0,0,0,0,NA,NA,NA
Ontario,4,2,4,acli,Acyanogenic,ac,li,Control,Reduced,1,1,1,10,0.5319,1007.5,0.033572674,9.266666667,1,0,1,1,353,1.1007,1173.14,0.194874617,NA
Ontario,5,1,1,AcLi,Cyanogenic,Ac,Li,Reduced,Reduced,1,1,1,82,1.2873,1168.73,0.037251217,3.733333333,1,1,1,1,328,3.3174,1011.1,0.038208979,8
Ontario,5,1,2,Acli,Acyanogenic,Ac,li,Reduced,Reduced,1,1,1,10,0.2091,1827.4,0.040067786,2.2,1,0,1,1,458,2.8642,1048.61,0.005889261,7.2
Ontario,5,1,3,acLi,Acyanogenic,ac,Li,Reduced,Reduced,1,1,1,19,0.187,1173.03,0.027971175,3.533333333,1,1,1,1,268,1.4156,1883.65,0.057652752,0.666666667
Ontario,5,1,4,acli,Acyanogenic,ac,li,Reduced,Reduced,1,0,0,0,0,165.75,0.012452599,0.733333333,1,1,1,1,57,0.345,289.05,0.051068575,3.733333333
Ontario,5,2,1,AcLi,Cyanogenic,Ac,Li,Control,Reduced,1,1,1,165,2.8332,2669.41,0.031498113,0.333333333,1,1,1,1,154,2.0344,701.73,0.0492377,6.066666667
Ontario,5,2,2,Acli,Acyanogenic,Ac,li,Control,Reduced,1,1,1,6,0.2869,2087.54,0.037165835,0.866666667,1,1,1,1,361,4.3604,1908.08,0.018462578,2.8
Ontario,5,2,3,acLi,Acyanogenic,ac,Li,Control,Reduced,1,1,1,31,0.5131,1508.33,0.041220717,3.4,1,1,1,1,291,2.9741,1017.76,0.049199176,10.26666667
Ontario,5,2,4,acli,Acyanogenic,ac,li,Control,Reduced,1,1,1,49,0.8023,2422.13,0.047682899,5.466666667,1,1,1,1,332,7.5216,180.57,0.006953983,3.2
Ontario,6,1,1,AcLi,Cyanogenic,Ac,Li,Control,Control,1,1,1,2,0.008,780.31,0.038813247,0,1,1,1,1,24,0.2349,310.54,0.031927225,32.66666667
Ontario,6,1,2,Acli,Acyanogenic,Ac,li,Control,Control,1,1,1,23,0.1205,1280.88,0.031455389,6.733333333,1,1,1,1,249,2.5311,500.12,0.023300285,7.933333333
Ontario,6,1,3,acLi,Acyanogenic,ac,Li,Control,Control,1,1,1,76,1.5043,1156.69,0.027765785,20.26666667,1,1,1,1,157,2.9624,710.45,0.046422777,16.4
Ontario,6,1,4,acli,Acyanogenic,ac,li,Control,Control,1,1,1,11,0.1301,692.95,0.033768868,0.333333333,1,1,1,1,17,0.0418,244.19,0.080964155,39.06666667
Ontario,6,2,1,AcLi,Cyanogenic,Ac,Li,Reduced,Control,1,1,1,33,0.3151,1124.43,NA,6,1,1,1,1,289,1.9222,1381.73,0.028398634,10.66666667
Ontario,6,2,2,Acli,Acyanogenic,Ac,li,Reduced,Control,1,1,1,16,0.3934,1558.59,0.044372797,4.666666667,1,1,1,1,473,5.7534,1588.45,0.01566035,7.866666667
Ontario,6,2,3,acLi,Acyanogenic,ac,Li,Reduced,Control,1,1,1,40,0.4719,1084.94,0.03428047,9.733333333,1,0,0,0,0,0,4.86,0.011399182,57.2
Ontario,6,2,4,acli,Acyanogenic,ac,li,Reduced,Control,1,1,1,29,0.4181,1702.81,0.040027722,11,1,1,1,1,85,0.6756,1222.57,0.04256304,7.266666667
Ontario,7,1,1,AcLi,Cyanogenic,Ac,Li,Reduced,Reduced,1,1,1,167,7.6806,1714.64,0.025353803,3,1,1,1,1,493,10.1533,2011.59,0.035962527,8.866666667
Ontario,7,1,2,Acli,Acyanogenic,Ac,li,Reduced,Reduced,1,1,1,20,0.3368,820.08,0.018793507,1.733333333,0,NA,NA,NA,NA,NA,NA,NA,NA
Ontario,7,1,3,acLi,Acyanogenic,ac,Li,Reduced,Reduced,1,1,1,50,1.2799,1034.65,0.023085045,3.466666667,1,0,1,1,32,0.6995,449.5,0.031707776,5.466666667
Ontario,7,1,4,acli,Acyanogenic,ac,li,Reduced,Reduced,0,0,0,0,0,29.03,NA,1.2,NA,NA,NA,NA,NA,NA,NA,NA,NA
Ontario,7,2,1,AcLi,Cyanogenic,Ac,Li,Control,Reduced,0,0,0,0,0,130.19,NA,2.466666667,1,0,0,0,0,0,NA,NA,NA
Ontario,7,2,2,Acli,Acyanogenic,Ac,li,Control,Reduced,1,1,1,216,3.3334,1955.5,0.029710607,0,1,1,1,1,135,0.7731,1122.86,0.082456266,8.333333333
Ontario,7,2,3,acLi,Acyanogenic,ac,Li,Control,Reduced,1,1,1,94,1.1245,3021.45,0.036865078,7.733333333,1,1,1,1,244,1.6998,837.41,0.049984437,2.2
Ontario,7,2,4,acli,Acyanogenic,ac,li,Control,Reduced,1,1,1,94,1.9596,879.4,0.049536989,2.533333333,1,0,1,1,35,0.76,155.9,0.031528433,10.33333333
Ontario,8,1,1,AcLi,Cyanogenic,Ac,Li,Control,Control,1,1,1,31,0.9062,1928.73,0.043457886,12.26666667,1,1,0,0,0,0,11.25,0.00261124,60.46666667
Ontario,8,1,2,Acli,Acyanogenic,Ac,li,Control,Control,1,1,1,68,2.03,2176.57,0.034389112,20.53333333,1,1,1,1,10,0.2798,101.25,0.076445137,29.53333333
Ontario,8,1,3,acLi,Acyanogenic,ac,Li,Control,Control,1,1,1,NA,0.1061,1402.02,0.033903845,14.46666667,1,0,0,0,0,0,NA,NA,NA
Ontario,8,1,4,acli,Acyanogenic,ac,li,Control,Control,1,1,1,15,0.301,887.56,0.030610583,39.93333333,1,1,1,1,30,0.5123,178.43,0.043828018,15
Ontario,8,2,1,AcLi,Cyanogenic,Ac,Li,Reduced,Control,1,1,1,186,3.9491,2148.09,0.036697179,0,1,1,1,1,197,2.0002,1557.55,0.047774523,12.33333333
Ontario,8,2,2,Acli,Acyanogenic,Ac,li,Reduced,Control,1,1,1,103,4.7712,2110.92,0.033813005,17.93333333,1,1,1,1,87,1.1624,618.91,0.04244065,8.666666667
Ontario,8,2,3,acLi,Acyanogenic,ac,Li,Reduced,Control,1,1,1,4,0.0731,1516.55,0.035326439,23.06666667,1,0,0,0,0,0,NA,NA,NA
Ontario,8,2,4,acli,Acyanogenic,ac,li,Reduced,Control,1,1,1,98,3.7486,2393.93,0.040384882,17.93333333,1,0,0,0,0,0,1.08,NA,NA
Ontario,9,1,1,AcLi,Cyanogenic,Ac,Li,Control,Control,1,1,1,68,2.2568,1338.26,0.038337818,14.2,1,1,0,0,0,0,45.03,0.038037174,17.53333333
Ontario,9,1,2,Acli,Acyanogenic,Ac,li,Control,Control,1,1,1,165,4.418,2064.52,0.028904658,7.733333333,1,1,1,1,5,0.159,29.13,0.061108006,8.266666667
Ontario,9,1,3,acLi,Acyanogenic,ac,Li,Control,Control,1,1,1,92,2.0744,1002.73,0.035480337,13.13333333,0,NA,NA,NA,NA,NA,NA,NA,NA
Ontario,9,1,4,acli,Acyanogenic,ac,li,Control,Control,1,1,1,17,0.4099,1252.02,0.043287161,29.53333333,1,1,0,0,0,0,105.22,0.084907946,28.06666667
Ontario,9,2,1,AcLi,Cyanogenic,Ac,Li,Reduced,Control,1,1,1,129,3.4408,677.33,0.021776877,4.2,1,1,1,1,136,0.8109,451.23,0.041371743,7.333333333
Ontario,9,2,2,Acli,Acyanogenic,Ac,li,Reduced,Control,1,1,1,60,2.3709,1007.06,0.041678802,1.6,1,1,1,1,133,0.2322,894.27,0.05947716,14.06666667
Ontario,9,2,3,acLi,Acyanogenic,ac,Li,Reduced,Control,1,1,1,56,0.9182,1681.25,0.032920293,3.866666667,1,0,0,0,0,0,NA,NA,NA
Ontario,9,2,4,acli,Acyanogenic,ac,li,Reduced,Control,1,1,1,70,0.8156,856.87,0.030567149,16.2,1,1,1,1,5,0.1575,101.45,NA,9.133333333
Ontario,10,1,1,AcLi,Cyanogenic,Ac,Li,Reduced,Control,1,1,1,46,1.6197,1691.59,0.050762147,8.4,0,NA,NA,NA,NA,NA,NA,NA,NA
Ontario,10,1,2,Acli,Acyanogenic,Ac,li,Reduced,Control,1,1,1,109,1.1741,1307.96,0.057211202,0.866666667,1,1,1,1,370,1.8,524.26,0.016623324,11.8
Ontario,10,1,3,acLi,Acyanogenic,ac,Li,Reduced,Control,1,1,1,20,0.1903,2009.36,0.035086136,20.73333333,0,NA,NA,NA,NA,NA,NA,NA,NA
Ontario,10,1,4,acli,Acyanogenic,ac,li,Reduced,Control,1,1,1,97,2.3375,1393.31,0.031987884,9.333333333,1,0,1,1,13,0.0225,389.14,0.097846137,NA
Ontario,10,2,1,AcLi,Cyanogenic,Ac,Li,Control,Control,1,1,1,458,13.3178,3683.35,0.029279462,1.4,1,1,1,1,406,2.4863,626.08,0.021809142,6.266666667
Ontario,10,2,2,Acli,Acyanogenic,Ac,li,Control,Control,1,1,1,22,0.2958,625,0.059732002,3.066666667,1,0,0,0,0,0,NA,NA,NA
Ontario,10,2,3,acLi,Acyanogenic,ac,Li,Control,Control,1,1,1,34,0.1708,763.9,0.065236707,14.73333333,1,0,0,0,0,0,NA,NA,NA
Ontario,10,2,4,acli,Acyanogenic,ac,li,Control,Control,1,1,1,143,2.387,1851.14,0.036967318,3.2,1,0,0,0,0,0,2.48,NA,NA
Ontario,11,1,1,AcLi,Cyanogenic,Ac,Li,Reduced,Control,1,1,1,29,0.7533,1807.7,0.042066984,22.66666667,1,1,1,1,573,5.222,1163.29,0.026034915,9.2
Ontario,11,1,2,Acli,Acyanogenic,Ac,li,Reduced,Control,1,1,1,42,0.8415,1081.08,0.026550415,20.46666667,1,1,1,1,10,0.0242,108.23,0.015606406,21.2
Ontario,11,1,3,acLi,Acyanogenic,ac,Li,Reduced,Control,1,1,1,17,0.2216,904.31,0.033037138,4.4,1,0,0,0,0,0,1.75,NA,NA
Ontario,11,1,4,acli,Acyanogenic,ac,li,Reduced,Control,1,1,1,5,0.0593,712.56,0.031233747,19.2,1,1,1,1,34,0.9645,138.59,0.034690982,25.2
Ontario,11,2,1,AcLi,Cyanogenic,Ac,Li,Control,Control,1,1,1,26,0.3878,2023.72,0.029966238,0.133333333,1,1,1,1,70,2.0907,367.64,0.02976413,19.8
Ontario,11,2,2,Acli,Acyanogenic,Ac,li,Control,Control,1,1,1,48,0.1983,1961.06,0.045758227,8.266666667,1,1,1,1,3,0.0178,47.95,0.03454571,28.8
Ontario,11,2,3,acLi,Acyanogenic,ac,Li,Control,Control,1,1,1,22,0.4414,2228.35,0.03577365,11.26666667,1,0,0,0,0,0,NA,NA,NA
Ontario,11,2,4,acli,Acyanogenic,ac,li,Control,Control,1,1,1,25,0.3119,316.26,0.014904497,12.73333333,1,0,0,0,0,0,NA,NA,NA
Ontario,12,1,1,AcLi,Cyanogenic,Ac,Li,Control,Control,1,1,1,47,1.5637,1627.22,0.030157088,13.93333333,1,1,1,1,33,1.3421,76.1,0.018229855,14.73333333
Ontario,12,1,2,Acli,Acyanogenic,Ac,li,Control,Control,1,0,0,0,0,124.45,0.024653657,11.66666667,0,NA,NA,NA,NA,NA,NA,NA,NA
Ontario,12,1,3,acLi,Acyanogenic,ac,Li,Control,Control,1,1,1,43,1.5067,2106,0.034939871,6.733333333,1,1,1,1,17,1.1969,43.98,NA,34.06666667
Ontario,12,1,4,acli,Acyanogenic,ac,li,Control,Control,1,1,1,28,0.4969,1504.15,0.043294154,9.2,1,1,1,1,218,7.9532,244.5,0.026457155,29.13333333
Ontario,12,2,1,AcLi,Cyanogenic,Ac,Li,Reduced,Control,1,1,1,4,0.1193,1001.82,0.046521951,35.33333333,0,NA,NA,NA,NA,NA,NA,NA,NA
Ontario,12,2,2,Acli,Acyanogenic,Ac,li,Reduced,Control,1,1,1,10,0.2382,951.38,0.034226118,4.4,1,1,0,0,0,0,48.54,0.030943152,14.6
Ontario,12,2,3,acLi,Acyanogenic,ac,Li,Reduced,Control,1,1,1,8,0.2019,1966.88,0.044842356,13.93333333,1,0,0,0,0,0,NA,NA,NA
Ontario,12,2,4,acli,Acyanogenic,ac,li,Reduced,Control,1,1,1,48,0.5143,843.7,0.026437347,20.2,1,0,0,0,0,0,5.26,NA,NA
Ontario,13,1,1,AcLi,Cyanogenic,Ac,Li,Control,Control,1,1,1,19,0.1117,1537.34,0.033534407,1.8,1,0,0,0,0,0,2.9,NA,NA
Ontario,13,1,2,Acli,Acyanogenic,Ac,li,Control,Control,1,1,1,25,0.6604,1672.27,0.038990507,6,1,1,1,1,71,3.0746,113.69,0.100314155,12.66666667
Ontario,13,1,3,acLi,Acyanogenic,ac,Li,Control,Control,1,1,1,4,0.2251,1258.41,0.039442625,18.2,0,NA,NA,NA,NA,NA,NA,NA,NA
Ontario,13,1,4,acli,Acyanogenic,ac,li,Control,Control,1,1,1,12,0.3486,786.91,0.032447161,9.866666667,1,1,0,0,0,0,205.94,0.029568046,11.8
Ontario,13,2,1,AcLi,Cyanogenic,Ac,Li,Reduced,Control,1,1,1,73,1.1443,1171.87,0.032351657,3.8,1,0,0,0,0,0,NA,NA,NA
Ontario,13,2,2,Acli,Acyanogenic,Ac,li,Reduced,Control,1,1,1,35,1.4361,993.12,0.031166607,2.466666667,1,1,0,0,0,0,40.31,0.046378927,31.26666667
Ontario,13,2,3,acLi,Acyanogenic,ac,Li,Reduced,Control,1,1,1,17,0.2328,944.51,0.040886942,20.86666667,1,0,0,0,0,0,NA,NA,NA
Ontario,13,2,4,acli,Acyanogenic,ac,li,Reduced,Control,1,1,1,25,0.6121,1886.13,0.047519624,21.66666667,1,1,1,1,143,3.2793,531.03,NA,33.73333333
Ontario,14,1,1,AcLi,Cyanogenic,Ac,Li,Control,Control,1,1,1,153,2.4447,2567.95,0.034753691,3.333333333,1,1,1,1,234,1.5959,898.7,0.017268933,8.6
Ontario,14,1,2,Acli,Acyanogenic,Ac,li,Control,Control,1,1,1,35,0.9092,1971.6,0.043836352,5.2,1,1,1,1,2,0.0221,70.06,0.009163658,14.46666667
Ontario,14,1,3,acLi,Acyanogenic,ac,Li,Control,Control,1,1,1,250,5.4953,4097.78,0.040397255,4.8,1,1,1,1,28,0.4116,93.18,0.045267377,14.33333333
Ontario,14,1,4,acli,Acyanogenic,ac,li,Control,Control,1,0,0,0,0,231.41,0.025200841,11.8,1,1,0,0,0,0,553.45,0.030535852,25.53333333
Ontario,14,2,1,AcLi,Cyanogenic,Ac,Li,Reduced,Control,1,1,1,128,13.0465,1909.49,0.037364809,2.6,1,1,1,1,300,1.635,1412.08,0.013021865,8.4
Ontario,14,2,2,Acli,Acyanogenic,Ac,li,Reduced,Control,1,1,0,243,0,2707.58,0.034314887,0.333333333,1,1,1,1,457,6.1815,1322.42,0.020324459,10.4
Ontario,14,2,3,acLi,Acyanogenic,ac,Li,Reduced,Control,1,1,1,130,3.5328,1589.89,0.029955263,10.06666667,1,0,0,0,0,0,0.6,NA,NA
Ontario,14,2,4,acli,Acyanogenic,ac,li,Reduced,Control,1,1,1,122,3.8238,2639.43,0.037165151,23.46666667,1,1,1,1,81,0.7597,627.01,0.044481337,26
Ontario,15,1,1,AcLi,Cyanogenic,Ac,Li,Control,Control,1,1,1,87,1.5659,2170.66,0.029874815,8.6,1,1,1,1,217,1.9038,784.09,0.018929989,11
Ontario,15,1,2,Acli,Acyanogenic,Ac,li,Control,Control,1,1,1,140,3.4694,1859.23,0.026704378,3.4,1,1,1,1,91,1.0023,437.79,0.020393531,4.266666667
Ontario,15,1,3,acLi,Acyanogenic,ac,Li,Control,Control,1,1,1,36,1.6006,1639.96,0.03172128,29.06666667,1,1,1,1,63,1.1039,825.96,0.054285222,11.53333333
Ontario,15,1,4,acli,Acyanogenic,ac,li,Control,Control,1,1,1,11,0.4769,551.35,0.028170846,35.73333333,1,1,1,1,118,2.3639,515.65,0.042609241,14.26666667
Ontario,15,2,1,AcLi,Cyanogenic,Ac,Li,Reduced,Control,1,1,1,36,0.5613,919.8,0.02932525,1.866666667,1,1,1,1,67,1.5412,490.47,0.041010091,7.4
Ontario,15,2,2,Acli,Acyanogenic,Ac,li,Reduced,Control,1,1,1,16,0.1955,947.33,0.033609576,11.86666667,1,1,1,1,69,0.2384,604.8,0.055158682,5.8
Ontario,15,2,3,acLi,Acyanogenic,ac,Li,Reduced,Control,1,1,1,15,0.1966,1083.29,0.037049601,14.53333333,1,1,1,1,94,0.7667,408.77,0.035601963,13
Ontario,15,2,4,acli,Acyanogenic,ac,li,Reduced,Control,1,0,0,0,0,1349.8,0.042370372,7.066666667,1,1,1,1,338,2.0041,1553.55,0.027304909,13.6
Ontario,16,1,1,AcLi,Cyanogenic,Ac,Li,Control,Reduced,1,1,1,36,0.6028,699.55,0.028962548,3.133333333,1,1,1,1,474,13.838,1218.57,0.03874535,4.4
Ontario,16,1,2,Acli,Acyanogenic,Ac,li,Control,Reduced,1,0,0,0,0,1069.29,0.030909173,6.733333333,1,1,1,1,387,11.1243,2576.53,0.038004332,16.46666667
Ontario,16,1,3,acLi,Acyanogenic,ac,Li,Control,Reduced,1,1,1,42,0.2941,1535,0.037715014,11.93333333,1,1,1,1,166,2.9108,494.2,0.021215231,6.333333333
Ontario,16,1,4,acli,Acyanogenic,ac,li,Control,Reduced,1,1,1,40,0.9781,1611.5,0.042340658,2.066666667,1,1,1,1,138,2.3415,232.93,0.010748491,7.8
Ontario,16,2,1,AcLi,Cyanogenic,Ac,Li,Reduced,Reduced,1,1,1,101,6.0893,2400.78,0.032234371,0,1,1,1,1,295,3.9023,866.5,0.009052083,5.8
Ontario,16,2,2,Acli,Acyanogenic,Ac,li,Reduced,Reduced,1,1,1,189,6.121,1278.27,0.026721732,3.866666667,1,1,1,1,385,3.9374,671.91,0.025382357,5.133333333
Ontario,16,2,3,acLi,Acyanogenic,ac,Li,Reduced,Reduced,1,1,1,131,5.3767,1384.62,NA,12,1,1,1,1,180,5.5272,886.74,0.06802058,14.4
Ontario,16,2,4,acli,Acyanogenic,ac,li,Reduced,Reduced,1,1,1,29,0.8696,1845.69,0.04124949,1.533333333,1,1,1,1,211,3.7175,718.65,0.024428481,11.4
Ontario,17,1,1,AcLi,Cyanogenic,Ac,Li,Reduced,Control,0,0,0,0,0,16.94,NA,NA,NA,NA,NA,NA,NA,NA,NA,NA,NA
Ontario,17,1,2,Acli,Acyanogenic,Ac,li,Reduced,Control,1,1,1,46,0.6667,1516.57,0.027990017,3.333333333,0,NA,NA,NA,NA,NA,NA,NA,NA
Ontario,17,1,3,acLi,Acyanogenic,ac,Li,Reduced,Control,1,1,1,4,0.2384,513.88,0.022750802,18.26666667,1,0,0,0,0,0,NA,NA,NA
Ontario,17,1,4,acli,Acyanogenic,ac,li,Reduced,Control,1,1,1,2,0.0581,408.49,0.018668384,NA,1,1,1,1,31,0.7187,528.84,0.03659225,23.2
Ontario,17,2,1,AcLi,Cyanogenic,Ac,Li,Control,Control,1,1,1,23,0.8344,723.19,0.025745475,15.8,1,0,1,1,120,2.4518,564.75,0.023328496,9.6
Ontario,17,2,2,Acli,Acyanogenic,Ac,li,Control,Control,1,1,1,59,1.1337,721.95,0.045202426,16.4,1,1,1,1,151,2.917,597.46,0.055303941,19.2
Ontario,17,2,3,acLi,Acyanogenic,ac,Li,Control,Control,1,1,1,33,0.4435,1850.86,0.050923498,25.46666667,0,NA,NA,NA,NA,NA,NA,NA,NA
Ontario,17,2,4,acli,Acyanogenic,ac,li,Control,Control,1,1,1,45,1.8452,1429.27,0.043021634,26,0,NA,NA,NA,NA,NA,NA,NA,NA
Ontario,18,1,1,AcLi,Cyanogenic,Ac,Li,Reduced,Reduced,1,1,1,86,0.1354,705.89,0.021194102,1,1,1,1,1,27,0.0633,327.19,NA,8
Ontario,18,1,2,Acli,Acyanogenic,Ac,li,Reduced,Reduced,1,1,1,159,2.3599,1453.23,0.030142587,0.866666667,1,0,0,0,0,0,34.26,NA,NA
Ontario,18,1,3,acLi,Acyanogenic,ac,Li,Reduced,Reduced,1,1,1,108,1.1811,1252.75,0.030255478,2.733333333,1,1,1,1,292,0.5317,1455.81,0.104333502,6.333333333
Ontario,18,1,4,acli,Acyanogenic,ac,li,Reduced,Reduced,1,1,1,55,1.3445,1592.34,0.032891207,10.26666667,1,1,1,1,24,0.0519,68.66,0.021286027,9.4
Ontario,18,2,1,AcLi,Cyanogenic,Ac,Li,Control,Reduced,1,1,1,6,0.2039,170.39,0.018611265,2.533333333,1,0,0,0,0,0,1.61,NA,NA
Ontario,18,2,2,Acli,Acyanogenic,Ac,li,Control,Reduced,1,1,1,71,0.9192,2667.12,0.03809505,2.466666667,1,1,1,1,97,0.841,963.17,0.012586947,2.866666667
Ontario,18,2,3,acLi,Acyanogenic,ac,Li,Control,Reduced,1,1,1,18,0.2991,2007.28,0.041958933,1.333333333,1,0,0,0,0,0,6.29,NA,NA
Ontario,18,2,4,acli,Acyanogenic,ac,li,Control,Reduced,1,1,1,45,1.2935,1205.45,0.039601489,9.8,1,0,1,1,11,0.0799,116.94,0.11213089,6.333333333
Ontario,19,1,1,AcLi,Cyanogenic,Ac,Li,Reduced,Control,1,1,1,134,2.527,1775.32,0.024692039,2.133333333,1,1,1,1,69,0.4015,333.33,0.011063885,9.733333333
Ontario,19,1,2,Acli,Acyanogenic,Ac,li,Reduced,Control,1,1,1,123,1.4882,1392.51,0.030384623,3.666666667,1,0,0,0,0,0,9.87,NA,NA
Ontario,19,1,3,acLi,Acyanogenic,ac,Li,Reduced,Control,1,1,1,66,0.3611,1324.69,0.034963135,14,0,NA,NA,NA,NA,NA,NA,NA,NA
Ontario,19,1,4,acli,Acyanogenic,ac,li,Reduced,Control,1,1,1,14,0.0815,1060.04,0.046223283,5.266666667,1,0,0,0,0,0,3.89,NA,NA
Ontario,19,2,1,AcLi,Cyanogenic,Ac,Li,Control,Control,1,1,1,331,8.8235,2240.12,0.025711164,5.333333333,1,1,1,1,196,1.3858,982.34,NA,7.133333333
Ontario,19,2,2,Acli,Acyanogenic,Ac,li,Control,Control,1,1,1,235,5.5773,3770.89,0.039018527,1.466666667,1,1,1,1,100,1.2381,524.38,0.0524474,4.866666667
Ontario,19,2,3,acLi,Acyanogenic,ac,Li,Control,Control,1,1,1,48,0.9417,869.82,0.025832446,37.8,1,1,0,0,0,0,301.24,0.117820726,20.26666667
Ontario,19,2,4,acli,Acyanogenic,ac,li,Control,Control,1,1,1,195,6.1881,2594.78,0.041470776,8.4,1,0,1,1,119,2.6366,252.99,0.060764433,4.466666667
Ontario,20,1,1,AcLi,Cyanogenic,Ac,Li,Control,Reduced,1,1,1,16,0.1139,257.74,0.033925922,10.33333333,1,1,1,1,294,3.4576,1137.72,0.091584666,3.133333333
Ontario,20,1,2,Acli,Acyanogenic,Ac,li,Control,Reduced,1,1,0,1,0,275.88,0.029458898,13.33333333,1,1,0,0,0,0,34.13,0.045515695,13.33333333
Ontario,20,1,3,acLi,Acyanogenic,ac,Li,Control,Reduced,1,1,1,169,3.4584,1439.97,0.034778012,12.75,0,NA,NA,NA,NA,NA,NA,NA,NA
Ontario,20,1,4,acli,Acyanogenic,ac,li,Control,Reduced,1,1,1,12,0.5093,245.87,0.024297269,15.73333333,0,NA,NA,NA,NA,NA,NA,NA,NA
Ontario,20,2,1,AcLi,Cyanogenic,Ac,Li,Reduced,Reduced,1,1,1,5,0.0652,151.64,0.025484003,0.933333333,0,NA,NA,NA,NA,NA,NA,NA,NA
Ontario,20,2,2,Acli,Acyanogenic,Ac,li,Reduced,Reduced,1,1,1,7,0.2664,227.92,0.022446583,5,1,1,1,1,56,0.5568,514.18,0.041521196,5.533333333
Ontario,20,2,3,acLi,Acyanogenic,ac,Li,Reduced,Reduced,1,1,1,41,1.0722,1296.73,0.05686916,1.733333333,0,NA,NA,NA,NA,NA,NA,NA,NA
Ontario,20,2,4,acli,Acyanogenic,ac,li,Reduced,Reduced,1,1,1,98,1.6745,1530.43,0.044962951,13.4,1,0,0,0,0,0,NA,NA,NA
Ontario,21,1,1,AcLi,Cyanogenic,Ac,Li,Control,Control,1,1,1,123,1.8454,1812.58,0.03652016,9.8,1,1,1,1,304,4.1411,1071.52,0.020727773,13.86666667
Ontario,21,1,2,Acli,Acyanogenic,Ac,li,Control,Control,1,1,1,86,1.1461,1522.89,0.027153637,12.53333333,0,NA,NA,NA,NA,NA,NA,NA,NA
Ontario,21,1,3,acLi,Acyanogenic,ac,Li,Control,Control,1,1,1,7,0.0356,782.29,0.032892471,22.33333333,1,0,0,0,0,0,24.6,0.02135135,15.6
Ontario,21,1,4,acli,Acyanogenic,ac,li,Control,Control,1,1,1,20,0.2158,917.86,0.03165387,15.33333333,0,NA,NA,NA,NA,NA,NA,NA,NA
Ontario,21,2,1,AcLi,Cyanogenic,Ac,Li,Reduced,Control,1,1,1,25,0.878,1158.02,0.039566948,6.866666667,1,1,1,1,10,0.0293,298.67,0.050527889,10.26666667
Ontario,21,2,2,Acli,Acyanogenic,Ac,li,Reduced,Control,1,1,1,20,0.5643,457.95,0.033228279,14.26666667,1,0,1,1,9,0.0915,108.51,0.055882086,21.53333333
Ontario,21,2,3,acLi,Acyanogenic,ac,Li,Reduced,Control,1,1,1,6,0.0929,202.24,0.026818607,28.06666667,1,0,1,1,2,0.0218,53.42,0.029573575,25.53333333
Ontario,21,2,4,acli,Acyanogenic,ac,li,Reduced,Control,1,1,1,80,3.3103,2452.28,0.033238154,12.13333333,1,1,1,1,85,2.5701,202.97,0.012651219,13.33333333
Ontario,22,1,1,AcLi,Cyanogenic,Ac,Li,Reduced,Reduced,1,0,0,0,0,144.68,0.008856401,4.866666667,1,1,1,1,6,0.0926,101.05,0.040605493,6.6
Ontario,22,1,2,Acli,Acyanogenic,Ac,li,Reduced,Reduced,1,0,0,0,0,214.73,0.002206894,4.533333333,1,1,1,1,52,0.4468,1897.61,0.067108165,12.73333333
Ontario,22,1,3,acLi,Acyanogenic,ac,Li,Reduced,Reduced,1,0,0,0,0,81.33,NA,4.466666667,1,0,0,0,0,0,17.94,0.041840476,29.8
Ontario,22,1,4,acli,Acyanogenic,ac,li,Reduced,Reduced,0,0,0,0,0,80.68,NA,3.2,NA,NA,NA,NA,NA,NA,NA,NA,NA
Ontario,22,2,1,AcLi,Cyanogenic,Ac,Li,Control,Reduced,1,0,0,0,0,173.27,0.000430096,1.2,1,1,1,1,218,7.305,759.51,0.027676244,9.066666667
Ontario,22,2,2,Acli,Acyanogenic,Ac,li,Control,Reduced,1,0,0,0,0,452.58,0.022071197,8.2,1,1,1,1,363,6.9635,780.06,0.024545389,12.06666667
Ontario,22,2,3,acLi,Acyanogenic,ac,Li,Control,Reduced,1,0,0,0,0,63.01,0.001325086,14.73333333,1,0,1,1,12,0.0809,61.52,0.024015489,38.33333333
Ontario,22,2,4,acli,Acyanogenic,ac,li,Control,Reduced,1,0,0,0,0,300.15,0.016968149,8.2,1,1,1,1,177,0.8529,836.4,0.032810857,10.73333333
Ontario,23,1,1,AcLi,Cyanogenic,Ac,Li,Control,Reduced,1,0,0,0,0,325.24,0.022220968,0.6,1,1,1,1,9,0.1817,178.12,0.016338493,4.4
Ontario,23,1,2,Acli,Acyanogenic,Ac,li,Control,Reduced,1,0,0,0,0,154.24,0.015202339,11.66666667,1,1,0,0,0,0,54.03,0.061032439,22.2
Ontario,23,1,3,acLi,Acyanogenic,ac,Li,Control,Reduced,1,0,0,0,0,334.13,0.014657561,2.066666667,1,1,1,1,13,0.1104,172.55,0.035103573,17.06666667
Ontario,23,1,4,acli,Acyanogenic,ac,li,Control,Reduced,1,0,0,0,0,177.97,NA,19.66666667,1,1,1,1,6,0.061,168.3,0.024413828,28.26666667
Ontario,23,2,1,AcLi,Cyanogenic,Ac,Li,Reduced,Reduced,1,0,0,0,0,102.09,0.010466053,0.866666667,1,1,1,1,26,0.6775,638.09,0.023770979,9.133333333
Ontario,23,2,2,Acli,Acyanogenic,Ac,li,Reduced,Reduced,1,1,1,16,0.3635,774.78,0.026920451,0.6,1,1,1,1,152,0.3485,1411.82,0.118349752,7.066666667
Ontario,23,2,3,acLi,Acyanogenic,ac,Li,Reduced,Reduced,1,1,1,1,0.0321,669.08,0.029665677,11.66666667,1,1,1,1,86,1.2493,2506.35,0.021860481,14.53333333
Ontario,23,2,4,acli,Acyanogenic,ac,li,Reduced,Reduced,1,0,0,0,0.051,104.27,0.007657642,5.4,1,1,1,1,111,3.9708,271.14,0.042677072,8.266666667
Ontario,24,1,1,AcLi,Cyanogenic,Ac,Li,Reduced,Reduced,1,1,1,9,0.0078,244.07,0.016895184,2.2,1,1,1,1,46,0.3098,792.18,0.050082791,4.2
Ontario,24,1,2,Acli,Acyanogenic,Ac,li,Reduced,Reduced,1,0,0,0,0,226.19,0.023592714,6.8,1,1,1,1,80,0.1893,725.28,0.022430942,7.333333333
Ontario,24,1,3,acLi,Acyanogenic,ac,Li,Reduced,Reduced,1,1,1,14,0.1724,604.62,0.014114868,5.266666667,1,1,1,1,135,1.8215,1598.02,0.021926586,16.26666667
Ontario,24,1,4,acli,Acyanogenic,ac,li,Reduced,Reduced,1,1,1,4,0.0478,928.96,0.029355587,15.26666667,1,1,1,1,232,2.5323,815.96,0.033460859,14.93333333
Ontario,24,2,1,AcLi,Cyanogenic,Ac,Li,Control,Reduced,1,1,1,1,0.0231,173.04,0.012430377,0.533333333,0,NA,NA,NA,NA,NA,NA,NA,NA
Ontario,24,2,2,Acli,Acyanogenic,Ac,li,Control,Reduced,1,1,1,2,0.0027,136.66,0.011422153,3,1,0,1,1,6,0.0323,78.14,0.034753149,NA
Ontario,24,2,3,acLi,Acyanogenic,ac,Li,Control,Reduced,1,1,1,8,0.101,172.32,0.004982228,2.666666667,1,0,1,1,6,0.1359,275.87,0.016877069,25.06666667
Ontario,24,2,4,acli,Acyanogenic,ac,li,Control,Reduced,1,0,0,0,0,49.65,0.002394105,7.8,1,0,0,0,0,0,5.41,0.032191232,1.6
Ontario,25,1,1,AcLi,Cyanogenic,Ac,Li,Control,Control,1,1,1,92,1.4481,835.52,0.039762276,9.6,0,NA,NA,NA,NA,NA,NA,NA,NA
Ontario,25,1,2,Acli,Acyanogenic,Ac,li,Control,Control,1,1,1,8,0.1944,254.72,0.052227763,4.666666667,0,NA,NA,NA,NA,NA,NA,NA,NA
Ontario,25,1,3,acLi,Acyanogenic,ac,Li,Control,Control,1,1,1,15,0.4141,1586.96,0.039471747,20.93333333,1,0,1,1,73,0.5928,223.77,NA,40.53333333
Ontario,25,1,4,acli,Acyanogenic,ac,li,Control,Control,1,1,1,44,0.8755,834.34,0.049473091,18.06666667,0,NA,NA,NA,NA,NA,NA,NA,NA
Ontario,25,2,1,AcLi,Cyanogenic,Ac,Li,Reduced,Control,1,1,1,38,0.2502,905.2,0.04701003,20.8,0,NA,NA,NA,NA,NA,NA,NA,NA
Ontario,25,2,2,Acli,Acyanogenic,Ac,li,Reduced,Control,1,1,1,135,3.0531,1414.87,0.031905013,6,1,1,0,0,0,0,2.16,NA,NA
Ontario,25,2,3,acLi,Acyanogenic,ac,Li,Reduced,Control,1,1,1,34,0.8165,1486.88,0.036636485,6.533333333,1,1,1,1,30,0.4211,320.78,0.0288903,34.2
Ontario,25,2,4,acli,Acyanogenic,ac,li,Reduced,Control,1,1,1,19,0.5189,1402.42,0.037141974,21.66666667,1,1,1,1,45,0.1538,742.35,0.053318394,27.86666667
Ontario,26,1,1,AcLi,Cyanogenic,Ac,Li,Reduced,Reduced,1,1,1,117,0.9579,2888.18,0.030843635,3.4,1,1,1,1,5,0.0815,202.89,0.0222487,5.333333333
Ontario,26,1,2,Acli,Acyanogenic,Ac,li,Reduced,Reduced,1,1,1,57,1.6787,1131.87,0.031957943,7.2,1,1,1,1,171,4.9161,628.84,0.042134501,13.6
Ontario,26,1,3,acLi,Acyanogenic,ac,Li,Reduced,Reduced,1,1,1,11,0.2386,1321.99,0.041785126,9.266666667,1,1,1,1,15,0.3176,106.14,0.07141658,13.53333333
Ontario,26,1,4,acli,Acyanogenic,ac,li,Reduced,Reduced,1,1,1,23,0.475,435.88,0.031128782,0.733333333,1,1,1,1,18,0.574,211.2,0.03666653,13.6
Ontario,26,2,1,AcLi,Cyanogenic,Ac,Li,Control,Reduced,1,1,1,84,3.4098,1270.8,0.030310231,3.066666667,1,1,1,1,69,1.9242,510.08,0.081952126,1.866666667
Ontario,26,2,2,Acli,Acyanogenic,Ac,li,Control,Reduced,1,1,1,45,0.9319,1268.01,0.031192628,3.533333333,1,1,1,1,145,2.7268,338.97,0.056474888,17.53333333
Ontario,26,2,3,acLi,Acyanogenic,ac,Li,Control,Reduced,1,1,1,145,2.6297,1914.73,0.028670487,18.46666667,0,NA,NA,NA,NA,NA,NA,NA,NA
Ontario,26,2,4,acli,Acyanogenic,ac,li,Control,Reduced,1,1,1,14,0.1661,89.7,0.021534776,4.333333333,0,NA,NA,NA,NA,NA,NA,NA,NA
Ontario,27,1,1,AcLi,Cyanogenic,Ac,Li,Control,Reduced,1,1,1,56,1.0617,2689.36,0.033269282,1.733333333,0,NA,NA,NA,NA,NA,NA,NA,NA
Ontario,27,1,2,Acli,Acyanogenic,Ac,li,Control,Reduced,1,1,1,85,1.9241,506.01,0.028322622,7.8,1,0,0,0,0,0,3.97,NA,NA
Ontario,27,1,3,acLi,Acyanogenic,ac,Li,Control,Reduced,1,1,1,23,0.0803,586.18,0.032654765,13.13333333,0,NA,NA,NA,NA,NA,NA,NA,NA
Ontario,27,1,4,acli,Acyanogenic,ac,li,Control,Reduced,1,1,1,19,0.1882,736.63,0.029002877,10.8,0,NA,NA,NA,NA,NA,NA,NA,NA
Ontario,27,2,1,AcLi,Cyanogenic,Ac,Li,Reduced,Reduced,1,1,1,53,1.7077,1436.09,0.028132179,1.266666667,0,NA,NA,NA,NA,NA,NA,NA,NA
Ontario,27,2,2,Acli,Acyanogenic,Ac,li,Reduced,Reduced,1,1,1,9,0.0938,1188.29,0.03620454,6.466666667,0,NA,NA,NA,NA,NA,NA,NA,NA
Ontario,27,2,3,acLi,Acyanogenic,ac,Li,Reduced,Reduced,1,1,1,6,0.1125,678.63,0.037424867,7,0,NA,NA,NA,NA,NA,NA,NA,NA
Ontario,27,2,4,acli,Acyanogenic,ac,li,Reduced,Reduced,1,1,1,35,1.2232,1318.7,0.042263121,7.533333333,0,NA,NA,NA,NA,NA,NA,NA,NA
Ontario,28,1,1,AcLi,Cyanogenic,Ac,Li,Control,Reduced,1,1,1,60,1.2224,1447.18,0.035195567,1,1,1,1,1,391,3.9889,1142.8,0.032329422,2.8
Ontario,28,1,2,Acli,Acyanogenic,Ac,li,Control,Reduced,1,1,1,69,2.1152,1137.22,0.026462631,1.666666667,1,1,1,1,169,4.0022,642.84,0.032681472,23.26666667
Ontario,28,1,3,acLi,Acyanogenic,ac,Li,Control,Reduced,1,1,1,36,0.4046,451.28,0.028538895,2.2,1,1,0,0,0,0,NA,NA,NA
Ontario,28,1,4,acli,Acyanogenic,ac,li,Control,Reduced,1,1,1,82,2.5259,1063.88,0.030818025,3.8,1,1,1,1,466,10.6657,110.53,0,10.8
Ontario,28,2,1,AcLi,Cyanogenic,Ac,Li,Reduced,Reduced,1,1,1,22,0.2889,486.49,0.031593611,10.06666667,1,1,1,1,46,0.4835,167.17,0.007831117,10.06666667
Ontario,28,2,2,Acli,Acyanogenic,Ac,li,Reduced,Reduced,1,1,1,25,0.8707,1283.17,0.044133191,0.2,1,1,1,1,81,0.3233,939.5,0.067376329,NA
Ontario,28,2,3,acLi,Acyanogenic,ac,Li,Reduced,Reduced,1,1,1,11,0.2249,249.13,0.025480227,1,1,1,1,1,29,0.3665,65.28,0.013518435,13.06666667
Ontario,28,2,4,acli,Acyanogenic,ac,li,Reduced,Reduced,1,1,1,18,0.3693,885.39,0.036710323,5.333333333,1,1,1,1,15,0.0703,344.57,0.042030914,11
Ontario,29,1,1,AcLi,Cyanogenic,Ac,Li,Reduced,Reduced,1,1,1,68,1.5768,1579.93,0.040502919,1.466666667,1,1,1,1,148,0.8555,534.43,0.013692998,2.8
Ontario,29,1,2,Acli,Acyanogenic,Ac,li,Reduced,Reduced,1,1,1,390,9.987,3279.86,0.0318522,0.6,1,1,1,1,276,1.3569,2440.65,0.039407687,1.8
Ontario,29,1,3,acLi,Acyanogenic,ac,Li,Reduced,Reduced,1,1,1,58,1.0249,1878.56,0.030830363,18.6,1,1,1,1,56,0.2997,588.96,0.049297653,1.733333333
Ontario,29,1,4,acli,Acyanogenic,ac,li,Reduced,Reduced,1,1,1,150,3.2102,1368.88,0.034701475,0,1,1,1,1,98,0.423,289.95,0.013471943,1.8
Ontario,29,2,1,AcLi,Cyanogenic,Ac,Li,Control,Reduced,1,1,1,103,2.2014,1420.71,0.031644115,0,1,1,1,1,94,1.3803,634.96,0.048156667,16
Ontario,29,2,2,Acli,Acyanogenic,Ac,li,Control,Reduced,1,1,1,115,3.9743,2663.64,0.035308264,1.2,1,1,1,1,228,1.8113,578.74,0.00343304,5.466666667
Ontario,29,2,3,acLi,Acyanogenic,ac,Li,Control,Reduced,1,1,1,85,0.6705,677.95,0.025294217,0.333333333,1,0,0,0,0,0,NA,NA,NA
Ontario,29,2,4,acli,Acyanogenic,ac,li,Control,Reduced,1,1,1,160,4.0668,3550.63,0.032479105,0.733333333,1,0,0,0,0,0,2,NA,NA
Ontario,30,1,1,AcLi,Cyanogenic,Ac,Li,Reduced,Reduced,1,1,1,260,5.2428,1790.73,0.043685154,0.866666667,1,1,1,1,258,2.1422,2059.56,0.042648893,8.933333333
Ontario,30,1,2,Acli,Acyanogenic,Ac,li,Reduced,Reduced,1,1,1,2,0.0079,152.41,0.00180591,3.733333333,0,NA,NA,NA,NA,NA,NA,NA,NA
Ontario,30,1,3,acLi,Acyanogenic,ac,Li,Reduced,Reduced,1,1,1,233,3.7534,1476.4,0.029274785,1.266666667,1,0,1,1,158,2.1084,645.33,0.058804783,3.8
Ontario,30,1,4,acli,Acyanogenic,ac,li,Reduced,Reduced,1,1,1,175,2.0942,2038.93,0.035284344,5.133333333,1,0,0,0,0,0,49.11,0.058905333,22.73333333
Ontario,30,2,1,AcLi,Cyanogenic,Ac,Li,Control,Reduced,1,1,1,24,2.3405,1075.64,0.01787781,1.133333333,1,1,1,1,131,1.1533,1480.04,0.033811473,3.6
Ontario,30,2,2,Acli,Acyanogenic,Ac,li,Control,Reduced,1,1,1,47,0.5121,1345.98,0.022898603,2.4,1,1,1,1,38,0.0938,265.37,0.015604448,5.666666667
Ontario,30,2,3,acLi,Acyanogenic,ac,Li,Control,Reduced,1,1,1,155,0.3926,739.39,0.047198673,3.2,1,1,1,1,142,0.8932,565.06,0.034839824,8.066666667
Ontario,30,2,4,acli,Acyanogenic,ac,li,Control,Reduced,1,1,1,2,0.04,119.2,0.018137943,2.4,0,NA,NA,NA,NA,NA,NA,NA,NA
Ontario,31,1,1,AcLi,Cyanogenic,Ac,Li,Reduced,Reduced,1,1,1,55,0.7921,726.23,0.031690857,11.73333333,1,1,1,1,6,0.0059,200.7,0.03175461,3.333333333
Ontario,31,1,2,Acli,Acyanogenic,Ac,li,Reduced,Reduced,1,1,1,46,0.8447,889.75,0.029000073,0,1,1,1,1,2,0.0986,85.35,0.051111876,1.133333333
Ontario,31,1,3,acLi,Acyanogenic,ac,Li,Reduced,Reduced,1,1,1,1,0.0074,551.61,0.025342326,2.466666667,1,0,1,1,114,1.5324,580.87,0.025389468,2.933333333
Ontario,31,1,4,acli,Acyanogenic,ac,li,Reduced,Reduced,1,1,1,60,1.0561,670.07,0.027716039,4.266666667,1,1,1,1,54,0.4443,256.7,0.025871476,10.33333333
Ontario,31,2,1,AcLi,Cyanogenic,Ac,Li,Control,Reduced,1,1,1,42,0.5376,1239.28,0.029388736,2.8,1,1,1,1,169,1.2336,613.74,0.009207991,1.333333333
Ontario,31,2,2,Acli,Acyanogenic,Ac,li,Control,Reduced,1,1,1,90,1.7187,1439.22,0.030612892,8.133333333,1,1,1,1,2,0.063,88.43,0.021236722,7.066666667
Ontario,31,2,3,acLi,Acyanogenic,ac,Li,Control,Reduced,1,1,1,120,2.4712,2226.42,0.034745219,14.93333333,1,1,1,1,277,2.4885,1102.42,0.036534866,2.333333333
Ontario,31,2,4,acli,Acyanogenic,ac,li,Control,Reduced,1,1,1,221,1.9057,2387,0.030227352,13.13333333,1,1,0,0,0,0,45.94,0.040113405,1.933333333
Ontario,32,1,1,AcLi,Cyanogenic,Ac,Li,Reduced,Reduced,1,1,1,2,0.0363,200.81,0.005693356,1.866666667,1,1,1,1,109,0.8816,1496.5,0.019782678,10.73333333
Ontario,32,1,2,Acli,Acyanogenic,Ac,li,Reduced,Reduced,1,0,0,0,0,31.15,NA,3.466666667,1,1,1,1,18,0.4149,458.26,0.017491255,5.266666667
Ontario,32,1,3,acLi,Acyanogenic,ac,Li,Reduced,Reduced,1,1,1,1,0.0073,45.6,0.00361081,2.2,1,1,1,1,1,0.0066,64.07,0.041165807,11.53333333
Ontario,32,1,4,acli,Acyanogenic,ac,li,Reduced,Reduced,1,0,0,0,0,269.95,0.024291445,14,1,1,1,1,101,1.5631,1348.96,0.058503829,13.2
Ontario,32,2,1,AcLi,Cyanogenic,Ac,Li,Control,Reduced,1,1,1,4,0.1175,410.05,0.009834677,10.13333333,1,1,1,1,257,3.1547,243.63,0.008499305,NA
Ontario,32,2,2,Acli,Acyanogenic,Ac,li,Control,Reduced,1,0,0,0,0,109.65,0.006787541,17.53333333,1,1,1,1,17,0.1658,306.22,0.05044093,9
Ontario,32,2,3,acLi,Acyanogenic,ac,Li,Control,Reduced,1,0,0,1,0,89.13,0.010163425,2,1,1,1,1,5,0.152,305.86,0.010434666,2
Ontario,32,2,4,acli,Acyanogenic,ac,li,Control,Reduced,0,1,1,1,0.0123,516.29,0.051025467,0,NA,NA,NA,NA,NA,NA,NA,NA,NA
Ontario,33,1,1,AcLi,Cyanogenic,Ac,Li,Reduced,Control,1,1,1,142,3.1023,1645.82,0.023584313,12,1,1,1,1,232,1.7822,1027.03,NA,2.4
Ontario,33,1,2,Acli,Acyanogenic,Ac,li,Reduced,Control,1,1,1,83,1.8059,1300.74,0.031315021,9.266666667,1,0,1,1,240,3.03,838.66,0.029379352,7.533333333
Ontario,33,1,3,acLi,Acyanogenic,ac,Li,Reduced,Control,1,1,1,78,1.5526,1135.15,0.027542776,50.46666667,1,1,1,1,64,0.5209,498.12,0.022844835,24.66666667
Ontario,33,1,4,acli,Acyanogenic,ac,li,Reduced,Control,1,1,1,11,0.3231,976.89,0.037141127,20.93333333,1,1,1,1,28,0.3552,200.12,0.031999354,22.66666667
Ontario,33,2,1,AcLi,Cyanogenic,Ac,Li,Control,Control,1,1,1,80,2.1793,1928.3,0.03368665,2.933333333,1,1,1,1,50,0.9826,624.74,0.04256347,7.866666667
Ontario,33,2,2,Acli,Acyanogenic,Ac,li,Control,Control,1,1,1,34,0.8486,1018.03,0.034935483,11.8,1,1,1,1,101,1.1486,506.73,0.018432981,9.466666667
Ontario,33,2,3,acLi,Acyanogenic,ac,Li,Control,Control,1,1,1,25,1.1569,1681.13,0.03368259,30.86666667,1,0,1,1,96,1.5663,299.84,0.044631218,18.13333333
Ontario,33,2,4,acli,Acyanogenic,ac,li,Control,Control,1,1,1,15,0.1991,743.54,0.047505736,2.2,1,1,1,1,104,1.3356,641.24,0.06196593,4.666666667
Ontario,34,1,1,AcLi,Cyanogenic,Ac,Li,Control,Control,1,1,1,31,0.4935,1077.93,0.028192337,6.2,1,1,1,1,45,0.4441,245.23,0.040877438,28.13333333
Ontario,34,1,2,Acli,Acyanogenic,Ac,li,Control,Control,1,1,1,31,0.6007,887.49,0.0260568,19.6,1,1,1,1,6,0.1007,208.11,0.00421761,36.46666667
Ontario,34,1,3,acLi,Acyanogenic,ac,Li,Control,Control,1,1,1,53,1.0923,897.89,0.034440139,8.333333333,1,1,1,1,3,0.0857,62.25,0.0274545,32.8
Ontario,34,1,4,acli,Acyanogenic,ac,li,Control,Control,1,1,1,4,0.0873,283.84,0.03423333,23.73333333,1,0,0,0,0,0,0.21,NA,NA
Ontario,34,2,1,AcLi,Cyanogenic,Ac,Li,Reduced,Control,1,1,1,127,1.728,2676.02,0.031087358,7.666666667,1,0,0,0,0,0,145.84,NA,NA
Ontario,34,2,2,Acli,Acyanogenic,Ac,li,Reduced,Control,1,1,1,50,1.1235,1392.8,0.039437782,11.8,1,1,1,1,6,0.0213,112.7,0.028785179,16.53333333
Ontario,34,2,3,acLi,Acyanogenic,ac,Li,Reduced,Control,1,1,1,1,0.0353,1192.38,0.028664551,29.2,1,0,0,0,0,0,NA,NA,NA
Ontario,34,2,4,acli,Acyanogenic,ac,li,Reduced,Control,1,1,1,159,8.9132,1609.1,0.04073105,0.466666667,1,1,1,1,55,1.1395,267,0.033749385,7.266666667
Ontario,35,1,1,AcLi,Cyanogenic,Ac,Li,Control,Reduced,1,1,1,176,2.9113,1872.66,0.026742556,3.533333333,1,1,1,1,246,1.3563,1465.18,0.01020087,1.2
Ontario,35,1,2,Acli,Acyanogenic,Ac,li,Control,Reduced,1,1,1,19,0.4003,1376.92,0.025930847,21.86666667,1,1,1,1,33,0.4746,1141.49,NA,3.4
Ontario,35,1,3,acLi,Acyanogenic,ac,Li,Control,Reduced,0,0,0,0,0,17.18,NA,NA,NA,NA,NA,NA,NA,NA,NA,NA,NA
Ontario,35,1,4,acli,Acyanogenic,ac,li,Control,Reduced,1,0,0,0,0,40.96,0.002640879,NA,1,1,1,1,21,0.1279,205.85,0.033547389,5.4
Ontario,35,2,1,AcLi,Cyanogenic,Ac,Li,Reduced,Reduced,1,0,0,0,0,72.41,0.007150733,NA,1,1,0,0,0,0,33.06,0.005116758,9.6
Ontario,35,2,2,Acli,Acyanogenic,Ac,li,Reduced,Reduced,1,1,1,19,0.2208,733.28,0.020955048,3.2,1,0,1,1,178,1.8793,1363.73,0.044069635,13.2
Ontario,35,2,3,acLi,Acyanogenic,ac,Li,Reduced,Reduced,1,1,1,21,0.4022,981.32,0.023484542,2.4,1,1,1,1,53,0.2355,603.87,0.023828573,8.666666667
Ontario,35,2,4,acli,Acyanogenic,ac,li,Reduced,Reduced,1,0,0,0,0,71.35,0.006550245,NA,1,1,1,1,25,0.8689,345.83,0.063883001,18.2
Ontario,36,1,1,AcLi,Cyanogenic,Ac,Li,Reduced,Reduced,1,1,1,320,7.6322,2330.27,0.028936033,2.733333333,1,1,1,1,252,1.4801,891.65,0.019354349,10.46666667
Ontario,36,1,2,Acli,Acyanogenic,Ac,li,Reduced,Reduced,1,1,1,14,0.249,918.36,0.031875099,21.13333333,1,1,1,1,102,1.9487,815.12,0.051425228,9.6
Ontario,36,1,3,acLi,Acyanogenic,ac,Li,Reduced,Reduced,1,1,1,97,2.2818,2082.99,0.029806217,1.6,1,1,1,1,7,0.1861,196.6,0.03234523,21.66666667
Ontario,36,1,4,acli,Acyanogenic,ac,li,Reduced,Reduced,1,1,1,5,0.1381,256.74,0.024747536,14.46666667,1,1,1,1,545,9.5815,938.36,0.014802537,5.666666667
Ontario,36,2,1,AcLi,Cyanogenic,Ac,Li,Control,Reduced,1,1,1,130,3.8198,1491.34,0.029791284,0.533333333,1,1,1,1,158,2.6972,749.35,0.017571779,4.066666667
Ontario,36,2,2,Acli,Acyanogenic,Ac,li,Control,Reduced,1,1,1,140,3.6671,2623.96,0.039402826,1.2,1,1,1,1,453,9.5741,1530.58,0.044487935,18.53333333
Ontario,36,2,3,acLi,Acyanogenic,ac,Li,Control,Reduced,1,1,1,23,0.5142,1247.95,0.034334764,32,1,1,1,1,3,0.046,91.8,0.053227641,27.13333333
Ontario,36,2,4,acli,Acyanogenic,ac,li,Control,Reduced,1,1,1,183,5.7482,3949.98,0.033960992,3.6,1,1,1,1,108,1.775,1099.53,0.021161585,4.8
Ontario,37,1,1,AcLi,Cyanogenic,Ac,Li,Control,Control,1,1,1,39,0.9108,924.12,0.034355746,8.6,1,1,1,1,59,1.3865,140.87,0.011846866,37.26666667
Ontario,37,1,2,Acli,Acyanogenic,Ac,li,Control,Control,1,1,1,27,0.6824,1391.28,0.03091542,3.8,1,1,1,1,44,0.5845,220.48,0.010179351,23.93333333
Ontario,37,1,3,acLi,Acyanogenic,ac,Li,Control,Control,1,1,1,35,0.6895,1381.57,0.030840919,8.866666667,1,1,0,0,0,0,68.36,0.075656922,36.4
Ontario,37,1,4,acli,Acyanogenic,ac,li,Control,Control,1,1,1,5,0.2259,428.72,0.033426457,32.93333333,1,1,1,1,38,0.7053,89.67,0.007034677,20.86666667
Ontario,37,2,1,AcLi,Cyanogenic,Ac,Li,Reduced,Control,1,1,1,123,3.1227,1670.06,0.036968173,7.8,1,0,0,0,0,0,1.51,NA,NA
Ontario,37,2,2,Acli,Acyanogenic,Ac,li,Reduced,Control,1,1,1,46,0.8704,869.45,0.049343931,13.06666667,0,NA,NA,NA,NA,NA,NA,NA,NA
Ontario,37,2,3,acLi,Acyanogenic,ac,Li,Reduced,Control,1,1,1,40,2.034,1247.01,0.035504137,24.53333333,1,0,0,0,0,0,NA,NA,NA
Ontario,37,2,4,acli,Acyanogenic,ac,li,Reduced,Control,1,1,1,15,0.4165,623.57,0.029400576,21.86666667,1,1,1,1,66,0.7674,181.24,0.010571093,33.73333333
Ontario,38,1,1,AcLi,Cyanogenic,Ac,Li,Control,Reduced,1,1,1,25,0.4048,2237.22,0.038515501,12.06666667,1,1,1,1,121,0.2933,358.59,0.013769618,10.2
Ontario,38,1,2,Acli,Acyanogenic,Ac,li,Control,Reduced,1,1,1,35,1.1515,1291.12,0.033011961,8.6,1,1,1,1,235,2.8942,1087.59,0.035439889,2.4
Ontario,38,1,3,acLi,Acyanogenic,ac,Li,Control,Reduced,1,1,1,7,0.1003,798.14,0.022679614,15.26666667,1,0,0,0,0,0,0.16,NA,NA
Ontario,38,1,4,acli,Acyanogenic,ac,li,Control,Reduced,1,1,1,55,1.6442,764.44,0.022442039,15.66666667,1,0,0,0,0,0,1.39,NA,NA
Ontario,38,2,1,AcLi,Cyanogenic,Ac,Li,Reduced,Reduced,1,1,1,129,2.8691,1553.47,0.030511514,0.8,1,1,1,1,17,0.277,146.65,0.027687068,3
Ontario,38,2,2,Acli,Acyanogenic,Ac,li,Reduced,Reduced,1,1,1,23,0.9496,1669.78,0.04072435,0.866666667,1,1,1,1,120,2.5391,1237.88,0.045597782,2.333333333
Ontario,38,2,3,acLi,Acyanogenic,ac,Li,Reduced,Reduced,1,1,1,58,0.637,2591.8,0.034715943,4.866666667,1,1,1,1,254,2.6482,1721.21,0.039038068,5.933333333
Ontario,38,2,4,acli,Acyanogenic,ac,li,Reduced,Reduced,1,1,1,48,0.7457,1242.22,0.034088705,7.466666667,1,1,1,1,90,0.8014,913.18,0.038744833,4.666666667
Ontario,39,1,1,AcLi,Cyanogenic,Ac,Li,Control,Control,1,1,1,8,0.202,379.19,0.0255779,23.53333333,1,1,1,1,9,0.1887,134.8,0.05399904,13.4
Ontario,39,1,2,Acli,Acyanogenic,Ac,li,Control,Control,1,1,1,6,0.2335,1798.55,0.041240601,7.266666667,1,1,1,1,162,2.6186,1218.51,0.045844954,14.13333333
Ontario,39,1,3,acLi,Acyanogenic,ac,Li,Control,Control,1,1,1,40,0.0905,529.45,0.029086857,20.86666667,1,0,0,0,0,0,NA,NA,NA
Ontario,39,1,4,acli,Acyanogenic,ac,li,Control,Control,1,1,1,5,0.1413,3121.03,0.044426471,37.4,1,0,0,0,0,0,7.89,NA,NA
Ontario,39,2,1,AcLi,Cyanogenic,Ac,Li,Reduced,Control,1,1,1,43,1.0496,1215.9,0.032555277,21.73333333,1,0,1,1,2,0.0052,127.52,0.033267527,NA
Ontario,39,2,2,Acli,Acyanogenic,Ac,li,Reduced,Control,1,1,1,27,0.3252,491.21,0.047105549,18.66666667,1,1,1,1,115,0.1986,1003.02,0.061043169,NA
Ontario,39,2,3,acLi,Acyanogenic,ac,Li,Reduced,Control,1,1,1,137,0.9971,1993.01,0.044177086,24.8,0,NA,NA,NA,NA,NA,NA,NA,NA
Ontario,39,2,4,acli,Acyanogenic,ac,li,Reduced,Control,1,1,1,124,3.553,1498.98,0.026425264,10.86666667,1,1,1,1,88,2.3098,269.81,0.051096797,21.26666667
Ontario,40,1,1,AcLi,Cyanogenic,Ac,Li,Reduced,Reduced,1,1,1,9,0.0601,534.19,0.035519053,13.33333333,1,1,1,1,36,0.3037,429.86,0.048725862,3.866666667
Ontario,40,1,2,Acli,Acyanogenic,Ac,li,Reduced,Reduced,1,1,1,1,0.0163,90.18,0.009476361,10.33333333,1,1,1,0,2,0,13.43,0.047119916,13.46666667
Ontario,40,1,3,acLi,Acyanogenic,ac,Li,Reduced,Reduced,1,1,1,15,0.1562,264.75,0.015140561,NA,1,1,0,0,0,0,27.17,0.035958358,6.933333333
Ontario,40,1,4,acli,Acyanogenic,ac,li,Reduced,Reduced,1,1,1,78,1.4174,1298.46,0.049332922,8.733333333,1,1,1,1,216,1.6929,713,0.024568239,16.33333333
Ontario,40,2,1,AcLi,Cyanogenic,Ac,Li,Control,Reduced,1,1,1,266,4.7111,3323.97,0.046988231,1.066666667,1,1,1,1,570,3.0892,2954.79,0.076778322,2.533333333
Ontario,40,2,2,Acli,Acyanogenic,Ac,li,Control,Reduced,1,1,1,106,1.5654,1662.92,0.033780387,18.53333333,1,1,1,1,114,0.7213,1257.33,0.083965105,9.533333333
Ontario,40,2,3,acLi,Acyanogenic,ac,Li,Control,Reduced,1,1,1,36,0.8243,1000.38,0.04519052,23.13333333,1,1,1,1,61,0.2841,608.71,0.041849432,16.06666667
Ontario,40,2,4,acli,Acyanogenic,ac,li,Control,Reduced,1,1,1,20,0.1983,257.58,0.032221942,7.733333333,1,0,0,0,0,0,148.5,0.085665765,7.066666667
Ontario,41,1,1,AcLi,Cyanogenic,Ac,Li,Reduced,Reduced,1,1,1,35,0.9887,1357.33,0.029921555,20.6,1,1,1,1,96,1.2394,593.85,0.01648142,1.533333333
Ontario,41,1,2,Acli,Acyanogenic,Ac,li,Reduced,Reduced,1,0,0,0,0,59,0.022444901,NA,1,1,1,1,5,0.0336,165.46,0.02351101,2.2
Ontario,41,1,3,acLi,Acyanogenic,ac,Li,Reduced,Reduced,1,1,1,1,0.073,442.14,0.0075782,NA,1,1,1,1,29,0.2828,226.01,0.022996493,8
Ontario,41,1,4,acli,Acyanogenic,ac,li,Reduced,Reduced,1,1,1,250,10.908,2254.99,0.034637949,16,1,0,1,1,16,0.3641,194.41,0.043584793,5.733333333
Ontario,41,2,1,AcLi,Cyanogenic,Ac,Li,Control,Reduced,1,1,1,2,0.0105,538.64,0.023724504,NA,0,NA,NA,NA,NA,NA,NA,NA,NA
Ontario,41,2,2,Acli,Acyanogenic,Ac,li,Control,Reduced,1,1,1,163,9.0197,2716.05,0.035184306,10.66666667,1,1,1,1,60,1.0299,371,0.049506678,2.933333333
Ontario,41,2,3,acLi,Acyanogenic,ac,Li,Control,Reduced,1,1,1,14,0.2764,1815.35,0.034042131,2.733333333,0,NA,NA,NA,NA,NA,NA,NA,NA
Ontario,41,2,4,acli,Acyanogenic,ac,li,Control,Reduced,1,1,1,4,0.1617,710.26,0.014397481,NA,1,1,1,1,67,0.7596,355.32,0.048307002,10.4
Ontario,42,1,1,AcLi,Cyanogenic,Ac,Li,Control,Control,1,0,0,0,0,327.05,0.052320664,10,1,1,1,1,59,1.5472,275.51,0.046661259,13.93333333
Ontario,42,1,2,Acli,Acyanogenic,Ac,li,Control,Control,1,0,0,0,0,108.41,0.046389371,NA,0,NA,NA,NA,NA,NA,NA,NA,NA
Ontario,42,1,3,acLi,Acyanogenic,ac,Li,Control,Control,0,0,0,0,0,0.83,NA,NA,NA,NA,NA,NA,NA,NA,NA,NA,NA
Ontario,42,1,4,acli,Acyanogenic,ac,li,Control,Control,1,0,0,0,0,606.42,0.032468571,16.53333333,1,0,1,1,4,0.0546,81.83,0.011027573,24.13333333
Ontario,42,2,1,AcLi,Cyanogenic,Ac,Li,Reduced,Control,1,1,1,84,1.6106,1063.24,0.037808438,18.53333333,0,NA,NA,NA,NA,NA,NA,NA,NA
Ontario,42,2,2,Acli,Acyanogenic,Ac,li,Reduced,Control,0,1,0,3,0,2.77,NA,NA,NA,NA,NA,NA,NA,NA,NA,NA,NA
Ontario,42,2,3,acLi,Acyanogenic,ac,Li,Reduced,Control,1,1,1,NA,0.0981,1908.13,0.053728498,2.266666667,0,NA,NA,NA,NA,NA,NA,NA,NA
Ontario,42,2,4,acli,Acyanogenic,ac,li,Reduced,Control,1,0,0,0,0,788.49,0.022412509,35.4,0,NA,NA,NA,NA,NA,NA,NA,NA
Ontario,43,1,1,AcLi,Cyanogenic,Ac,Li,Reduced,Control,0,0,0,0,0,333.08,0.042907081,NA,NA,NA,NA,NA,NA,NA,NA,NA,NA
Ontario,43,1,2,Acli,Acyanogenic,Ac,li,Reduced,Control,1,0,0,0,0,182.45,NA,NA,0,NA,NA,NA,NA,NA,NA,NA,NA
Ontario,43,1,3,acLi,Acyanogenic,ac,Li,Reduced,Control,1,0,0,0,0,124.79,0.055975249,NA,1,0,0,0,0,0,16.39,0.031115659,NA
Ontario,43,1,4,acli,Acyanogenic,ac,li,Reduced,Control,1,1,1,93,1.3256,780,0.045614946,14.33333333,1,0,1,1,1,0.0043,68.71,0.012457095,27.53333333
Ontario,43,2,1,AcLi,Cyanogenic,Ac,Li,Control,Control,1,1,1,1,0.0362,458.01,0.0606349,22.53333333,0,NA,NA,NA,NA,NA,221.85,NA,NA
Ontario,43,2,2,Acli,Acyanogenic,Ac,li,Control,Control,1,0,0,0,0,6.05,0.023388898,NA,0,NA,NA,NA,NA,NA,NA,NA,NA
Ontario,43,2,3,acLi,Acyanogenic,ac,Li,Control,Control,0,0,0,0,0,52.75,NA,NA,NA,NA,NA,NA,NA,NA,NA,NA,NA
Ontario,43,2,4,acli,Acyanogenic,ac,li,Control,Control,1,1,1,60,2.1783,1420.39,0.033430666,15.73333333,1,1,1,1,47,1.1935,75.05,NA,15.33333333
Ontario,44,1,1,AcLi,Cyanogenic,Ac,Li,Reduced,Control,1,1,1,1,0.051,1106.15,0.018511433,22.93333333,1,1,1,1,199,2.5302,1263.05,0.022800045,12.86666667
Ontario,44,1,2,Acli,Acyanogenic,Ac,li,Reduced,Control,0,0,0,0,0,63.61,NA,NA,NA,NA,NA,NA,NA,NA,NA,NA,NA
Ontario,44,1,3,acLi,Acyanogenic,ac,Li,Reduced,Control,1,1,1,1,0.0128,126.28,0.00450936,42.33333333,0,NA,NA,NA,NA,NA,NA,NA,NA
Ontario,44,1,4,acli,Acyanogenic,ac,li,Reduced,Control,1,0,0,0,0,259.63,0.020136251,NA,1,1,1,1,62,1.0669,432.11,0.044166978,20.46666667
Ontario,44,2,1,AcLi,Cyanogenic,Ac,Li,Control,Control,1,1,1,1,0.0278,290.47,0.01928487,6.066666667,1,0,0,0,0,0,24.81,0.048078178,28.86666667
Ontario,44,2,2,Acli,Acyanogenic,Ac,li,Control,Control,1,1,1,1,0.0139,647.96,0.031024163,2.933333333,1,1,1,1,235,4.8906,862.94,0.033260282,21.6
Ontario,44,2,3,acLi,Acyanogenic,ac,Li,Control,Control,1,0,0,0,0,392.73,0.023910846,23.26666667,1,0,0,0,0,0,79.79,0.061091586,22.33333333
Ontario,44,2,4,acli,Acyanogenic,ac,li,Control,Control,1,1,1,5,0.0114,876.64,0.026255505,6.6,1,0,0,0,0,0,13.59,NA,NA
Ontario,45,1,1,AcLi,Cyanogenic,Ac,Li,Control,Control,1,1,1,8,0.1294,1262.12,0.034961643,9.933333333,1,1,1,1,13,0.1045,429.55,0.037111255,12.93333333
Ontario,45,1,2,Acli,Acyanogenic,Ac,li,Control,Control,1,1,1,8,0.3603,190.25,0.01314079,10.66666667,1,0,1,1,10,0.0851,73.45,0.057924806,2.533333333
Ontario,45,1,3,acLi,Acyanogenic,ac,Li,Control,Control,1,1,1,5,0.1173,1471.38,0.047835155,0.666666667,1,0,1,1,2,0.0064,127.86,0.046174059,NA
Ontario,45,1,4,acli,Acyanogenic,ac,li,Control,Control,1,1,1,13,0.0152,772.45,0.033338245,38.33333333,0,NA,NA,NA,NA,NA,NA,NA,NA
Ontario,45,2,1,AcLi,Cyanogenic,Ac,Li,Reduced,Control,1,1,1,10,0.093,1019.86,0.036071468,2.933333333,1,1,1,1,8,0.0255,131.42,0.02704923,3.333333333
Ontario,45,2,2,Acli,Acyanogenic,Ac,li,Reduced,Control,1,1,1,6,0.2614,1662.66,0.040238527,1,1,1,1,1,77,0.926,604.46,0.019820266,13.33333333
Ontario,45,2,3,acLi,Acyanogenic,ac,Li,Reduced,Control,1,1,1,41,2.0764,2412.85,0.046049181,19,1,0,1,1,96,1.1151,1577.97,0.04184229,4.2
Ontario,45,2,4,acli,Acyanogenic,ac,li,Reduced,Control,1,1,1,24,0.5838,986.03,0.032719518,33.53333333,1,0,1,1,70,0.3887,374.97,0.018989931,26.73333333
Ontario,46,1,1,AcLi,Cyanogenic,Ac,Li,Control,Control,1,1,1,20,0.4562,517.73,0.025575664,18.4,1,1,1,1,140,4.3201,77.08,NA,3.4
Ontario,46,1,2,Acli,Acyanogenic,Ac,li,Control,Control,1,1,1,90,3.2928,2119.25,0.030100294,2.666666667,1,1,0,0,0,0,44.31,0.005063674,13.06666667
Ontario,46,1,3,acLi,Acyanogenic,ac,Li,Control,Control,1,1,1,79,1.5805,1963.42,0.036318171,17.86666667,1,1,1,1,24,0.6348,137.16,0.023374029,16.66666667
Ontario,46,1,4,acli,Acyanogenic,ac,li,Control,Control,1,1,1,1,0.0076,45.12,0.048924708,3.866666667,0,NA,NA,NA,NA,NA,NA,NA,NA
Ontario,46,2,1,AcLi,Cyanogenic,Ac,Li,Reduced,Control,1,1,1,162,7.2033,1348.84,0.039590608,15.93333333,1,1,0,0,0,0,61.4,0.012210503,10.86666667
Ontario,46,2,2,Acli,Acyanogenic,Ac,li,Reduced,Control,1,1,1,42,1.4505,491.9,0.032690573,5.733333333,1,0,1,0,1,0,57.46,0.016007511,7.066666667
Ontario,46,2,3,acLi,Acyanogenic,ac,Li,Reduced,Control,1,1,1,41,1.0652,2179.45,0.042702263,26.8,1,0,0,0,0,0,0.23,NA,NA
Ontario,46,2,4,acli,Acyanogenic,ac,li,Reduced,Control,1,1,1,38,1.9297,548.17,0.050200198,17.86666667,0,NA,NA,NA,NA,NA,NA,NA,NA
Ontario,47,1,1,AcLi,Cyanogenic,Ac,Li,Control,Reduced,1,1,1,2,0.0593,107.97,0.024711505,2,1,1,0,0,0,0,68.84,NA,43.06666667
Ontario,47,1,2,Acli,Acyanogenic,Ac,li,Control,Reduced,1,1,1,5,0.1678,255.33,0.029246056,0.333333333,1,1,0,0,0,0,307.46,0.02295426,59.8
Ontario,47,1,3,acLi,Acyanogenic,ac,Li,Control,Reduced,1,1,1,8,0.1189,687.19,0.028271171,13.26666667,1,1,0,0,0,0,31.21,NA,NA
Ontario,47,1,4,acli,Acyanogenic,ac,li,Control,Reduced,1,1,1,23,0.3002,108.69,NA,13.8,1,0,0,0,0,0,13.41,NA,NA
Ontario,47,2,1,AcLi,Cyanogenic,Ac,Li,Reduced,Reduced,1,1,1,13,0.0933,431.18,0.035438732,0.733333333,1,1,0,0,0,0,145.54,NA,29.73333333
Ontario,47,2,2,Acli,Acyanogenic,Ac,li,Reduced,Reduced,1,1,1,59,1.0032,1190.92,0.056921538,25.46666667,1,1,1,1,130,2.25,158.79,0.002603427,NA
Ontario,47,2,3,acLi,Acyanogenic,ac,Li,Reduced,Reduced,1,1,1,22,0.2814,728.16,0.040521058,7.2,1,1,0,0,0,0,89.66,NA,32.66666667
Ontario,47,2,4,acli,Acyanogenic,ac,li,Reduced,Reduced,1,1,1,16,0.4577,441.58,0.039022406,16,1,0,0,0,0,0,22.23,NA,16.73333333
Ontario,48,1,1,AcLi,Cyanogenic,Ac,Li,Reduced,Control,1,1,1,8,0.0951,167.51,0.031575483,12.46666667,1,1,1,1,6,0.0749,99.95,0.008986801,15.86666667
Ontario,48,1,2,Acli,Acyanogenic,Ac,li,Reduced,Control,1,1,1,11,0.1507,1099.24,0.038891985,2.666666667,1,1,1,1,4,0.2044,171.2,0.003421279,20.33333333
Ontario,48,1,3,acLi,Acyanogenic,ac,Li,Reduced,Control,1,1,1,7,0.1782,748.49,0.048076369,34,0,NA,NA,NA,NA,NA,NA,NA,NA
Ontario,48,1,4,acli,Acyanogenic,ac,li,Reduced,Control,1,1,1,4,0.1524,720.98,0.040068852,44.06666667,1,0,1,1,3,0.0063,181.58,NA,32.26666667
Ontario,48,2,1,AcLi,Cyanogenic,Ac,Li,Control,Control,1,1,1,57,1.0898,1442.03,0.041907608,13.6,1,0,1,1,1,0.0051,110.45,NA,13.13333333
Ontario,48,2,2,Acli,Acyanogenic,Ac,li,Control,Control,1,0,0,0,0,59.64,NA,NA,0,NA,NA,NA,NA,NA,NA,NA,NA
Ontario,48,2,3,acLi,Acyanogenic,ac,Li,Control,Control,1,1,1,1,0.0188,346.75,0.030647966,32.53333333,1,0,0,0,0,0,77.48,NA,NA
Ontario,48,2,4,acli,Acyanogenic,ac,li,Control,Control,1,1,1,33,0.8695,1240.33,0.035738485,15.86666667,1,1,0,0,0,0,25.45,0.00956758,1.333333333
Louisiana,1,1,1,AcLi,Cyanogenic,Ac,Li,Control,Reduced,1,1,1,17,0.0816,336.87,0.049264341,NA,NA,0,1,1,338,3.4196,2566.16,NA,NA
Louisiana,1,1,2,Acli,Acyanogenic,Ac,li,Control,Reduced,1,1,1,25,0.0358,100.3,0.013659821,NA,NA,0,1,1,414,1.6604,1797.8,NA,NA
Louisiana,1,1,3,acLi,Acyanogenic,ac,Li,Control,Reduced,0,0,0,0,0,NA,NA,NA,NA,NA,NA,NA,NA,NA,NA,NA,NA
Louisiana,1,1,4,acli,Acyanogenic,ac,li,Control,Reduced,1,1,1,8,0.0193,213.12,0.016114273,NA,NA,1,1,1,77,0.999,1335.1,NA,7.8
Louisiana,1,2,1,acli,Acyanogenic,ac,li,Reduced,Control,1,0,0,0,0,122.55,0.02793202,NA,NA,0,1,1,77,1.3802,697.01,NA,NA
Louisiana,1,2,2,AcLi,Cyanogenic,Ac,Li,Reduced,Control,1,0,0,0,0,168.96,0.031778058,NA,NA,0,1,1,198,1.1013,1378.4,NA,NA
Louisiana,1,2,3,acLi,Acyanogenic,ac,Li,Reduced,Control,1,1,0,1,0,273.6,0.019047794,NA,NA,0,1,1,132,0.8484,2848.07,NA,NA
Louisiana,1,2,4,Acli,Acyanogenic,Ac,li,Reduced,Control,1,1,0,1,0,175.63,0.033683686,NA,NA,0,1,1,47,1.6447,1825.33,NA,NA
Louisiana,2,1,1,acli,Acyanogenic,ac,li,Control,Control,1,1,0,1,0,198.38,0.017541495,NA,NA,1,1,1,103,0.148,1959.43,NA,0.4
Louisiana,2,1,2,AcLi,Cyanogenic,Ac,Li,Control,Control,0,1,1,14,0.0023,38.13,0.011589215,NA,NA,NA,NA,NA,NA,NA,NA,NA,NA
Louisiana,2,1,3,acLi,Acyanogenic,ac,Li,Control,Control,1,1,1,24,0.2231,124.4,0.029435756,NA,NA,1,1,1,107,0.9254,1071.4,NA,2.266666667
Louisiana,2,1,4,Acli,Acyanogenic,Ac,li,Control,Control,1,0,0,0,0,52.67,0.029574456,NA,NA,0,1,0,1,0,432.78,NA,NA
Louisiana,2,2,1,acLi,Acyanogenic,ac,Li,Reduced,Control,0,0,0,0,0,0.44,NA,NA,NA,NA,NA,NA,NA,NA,NA,NA,NA
Louisiana,2,2,2,Acli,Acyanogenic,Ac,li,Reduced,Control,1,1,0,1,0,134.49,0.005985628,NA,NA,1,1,1,167,0.7476,1967.85,NA,7.133333333
Louisiana,2,2,3,acli,Acyanogenic,ac,li,Reduced,Control,1,0,0,0,0,136.99,0.012714789,NA,NA,1,1,1,53,0.3685,1279.25,NA,2.533333333
Louisiana,2,2,4,acLi,Acyanogenic,ac,Li,Reduced,Control,1,0,0,0,0,87.4,0.013848123,NA,NA,1,1,1,5,0.0272,678.38,NA,11.13333333
Louisiana,3,1,1,Acli,Acyanogenic,Ac,li,Control,Control,0,0,0,0,0,38.61,0.065320072,NA,NA,NA,NA,NA,NA,NA,NA,NA,NA
Louisiana,3,1,2,acli,Acyanogenic,ac,li,Control,Control,1,0,0,0,0,176.21,0.04858422,NA,NA,1,1,1,31,0.1521,3032.9,0.004511187,8.2
Louisiana,3,1,3,acLi,Acyanogenic,ac,Li,Control,Control,1,0,0,0,0,149.73,0.032146187,NA,NA,1,1,1,46,0.0811,589.93,7.11E-05,25.93333333
Louisiana,3,1,4,acli,Acyanogenic,ac,li,Control,Control,1,0,0,0,0,138.64,0.022179377,NA,NA,1,1,1,55,0.1749,1996.76,NA,5.666666667
Louisiana,3,2,1,acLi,Acyanogenic,ac,Li,Reduced,Control,0,0,0,0,0,12.3,0.097597958,NA,NA,NA,NA,NA,NA,NA,NA,NA,NA
Louisiana,3,2,2,acli,Acyanogenic,ac,li,Reduced,Control,1,0,0,0,0,106.69,0.038833086,NA,NA,1,1,1,67,0.1701,1370.48,0.001952776,8.466666667
Louisiana,3,2,3,acli,Acyanogenic,ac,li,Reduced,Control,1,1,1,13,0.0069,298.05,0.011014661,NA,NA,1,1,1,90,0.1113,1334.33,NA,NA
Louisiana,3,2,4,Acli,Acyanogenic,Ac,li,Reduced,Control,1,0,0,0,0,101.32,0.038923807,NA,NA,1,1,1,97,0.5577,1018.73,NA,2.2
Louisiana,4,1,1,acli,Acyanogenic,ac,li,Control,Reduced,1,1,0,2,0,239.46,0.029525513,NA,NA,NA,1,0,1,0,NA,NA,NA
Louisiana,4,1,2,AcLi,Cyanogenic,Ac,Li,Control,Reduced,1,1,1,16,0.0152,243.68,0.026249956,NA,NA,0,1,1,82,2.1033,1397.52,NA,7.8
Louisiana,4,1,3,acLi,Acyanogenic,ac,Li,Control,Reduced,1,0,0,0,0,69.24,0.021193114,NA,NA,1,1,1,49,0.6354,1593.78,NA,7.733333333
Louisiana,4,1,4,Acli,Acyanogenic,Ac,li,Control,Reduced,1,1,1,14,0.0278,352.65,0.024972912,NA,NA,1,1,1,177,2.7764,1888.6,NA,5.733333333
Louisiana,4,2,1,Acli,Acyanogenic,Ac,li,Reduced,Control,1,0,0,0,0,31.62,0.074198065,NA,NA,NA,1,1,30,0.5092,NA,NA,NA
Louisiana,4,2,2,acLi,Acyanogenic,ac,Li,Reduced,Control,1,1,0,1,0,113.53,0.015513863,NA,NA,1,1,1,144,3.0916,1600.54,NA,2.666666667
Louisiana,4,2,3,AcLi,Cyanogenic,Ac,Li,Reduced,Control,1,1,0,1,0,141.17,0.058355797,NA,NA,0,1,1,103,0.2327,2682.81,NA,NA
Louisiana,4,2,4,acli,Acyanogenic,ac,li,Reduced,Control,0,0,0,0,0,103.93,0.03839394,NA,NA,NA,NA,NA,NA,NA,NA,NA,NA
Louisiana,5,1,1,acli,Acyanogenic,ac,li,Control,Reduced,1,1,1,35,0.0226,194.23,0.015946368,NA,NA,0,1,1,68,0.3845,1382.78,NA,23.2
Louisiana,5,1,2,AcLi,Cyanogenic,Ac,Li,Control,Reduced,1,1,1,37,0.0812,339.81,0.016156159,NA,NA,0,0,0,0,0,1239.72,NA,18
Louisiana,5,1,3,Acli,Acyanogenic,Ac,li,Control,Reduced,1,1,1,18,0.0207,285,0.020490966,NA,NA,1,1,1,60,0.2184,1384.54,NA,6.466666667
Louisiana,5,1,4,acLi,Acyanogenic,ac,Li,Control,Reduced,1,1,1,2,0.0127,112.08,0.018359015,NA,NA,0,1,1,9,0.047,1021.41,NA,8.2
Louisiana,5,2,1,acLi,Acyanogenic,ac,Li,Reduced,Reduced,1,1,1,21,0.0299,204.63,0.023954326,NA,NA,1,1,1,156,1.3424,2192.61,NA,10.53333333
Louisiana,5,2,2,acLi,Acyanogenic,ac,Li,Reduced,Reduced,1,1,1,5,0.0054,93.77,0.017985094,NA,NA,1,1,1,12,0.0021,1066.32,NA,9.6
Louisiana,5,2,3,acli,Acyanogenic,ac,li,Reduced,Reduced,1,1,1,77,0.1225,267.98,0.012520363,NA,NA,1,1,1,36,0.1397,2098.64,0.00191048,7.666666667
Louisiana,5,2,4,acli,Acyanogenic,ac,li,Reduced,Reduced,1,1,1,15,0.0695,165.84,0.040431777,NA,NA,1,1,1,25,0.1383,1390.61,NA,23.13333333
Louisiana,6,1,1,acLi,Acyanogenic,ac,Li,Control,Reduced,1,1,1,6,0.0072,100.16,0.014372308,NA,NA,1,1,1,30,0.2829,1303.59,0.000298985,3.2
Louisiana,6,1,2,Acli,Acyanogenic,Ac,li,Control,Reduced,1,1,1,9,0.0299,153.37,0.039647416,NA,NA,1,1,1,104,0.5416,1410.2,NA,8.466666667
Louisiana,6,1,3,AcLi,Cyanogenic,Ac,Li,Control,Reduced,1,0,0,0,0,329.97,0.011827899,NA,NA,1,1,0,12,0,1216.31,NA,5.466666667
Louisiana,6,1,4,acli,Acyanogenic,ac,li,Control,Reduced,1,1,0,2,0,62,0.031617574,NA,NA,0,1,1,107,0.5242,914.33,NA,13.33333333
Louisiana,6,2,1,Acli,Acyanogenic,Ac,li,Reduced,Control,1,0,0,0,0,211.36,0.023166527,NA,NA,0,1,1,146,0.3763,1867.17,NA,NA
Louisiana,6,2,2,acli,Acyanogenic,ac,li,Reduced,Control,1,0,0,0,0,198.23,0.014125592,NA,NA,1,1,1,36,0.1075,1031.04,NA,13.46666667
Louisiana,6,2,3,acLi,Acyanogenic,ac,Li,Reduced,Control,1,0,0,0,0,102.3,0.02516601,NA,NA,0,1,0,4,0,1584.77,NA,NA
Louisiana,6,2,4,acLi,Acyanogenic,ac,Li,Reduced,Control,1,0,0,0,0,139.29,0.010714704,NA,NA,0,1,1,2,0.0034,1012.08,NA,NA
Louisiana,7,1,1,acli,Acyanogenic,ac,li,Control,Reduced,1,1,1,35,0.1167,462.68,0.014849425,NA,NA,1,1,1,5,0.0444,867.08,NA,13.6
Louisiana,7,1,2,acLi,Acyanogenic,ac,Li,Control,Reduced,1,1,1,36,0.0322,225.26,0.020365756,NA,NA,0,0,0,0,0,504.13,NA,NA
Louisiana,7,1,3,AcLi,Cyanogenic,Ac,Li,Control,Reduced,1,1,1,4,0.0004,529.76,0.022365598,NA,NA,1,1,1,9,0.001,960.33,NA,4.666666667
Louisiana,7,1,4,Acli,Acyanogenic,Ac,li,Control,Reduced,1,1,1,84,0.5239,389.46,0.030447587,NA,NA,0,1,1,206,2.2693,1774.98,NA,11.53333333
Louisiana,7,2,1,acLi,Acyanogenic,ac,Li,Reduced,Control,1,1,1,16,0.0077,223.19,0.024370181,NA,NA,0,1,1,50,0.0073,1727.06,NA,NA
Louisiana,7,2,2,acLi,Acyanogenic,ac,Li,Reduced,Control,1,1,1,12,0.0224,150.77,0.037209822,NA,NA,0,1,1,26,0.0991,2117.63,NA,NA
Louisiana,7,2,3,Acli,Acyanogenic,Ac,li,Reduced,Control,1,0,0,0,0,265.1,0.013189131,NA,NA,0,1,1,115,0.5629,1526.2,NA,NA
Louisiana,7,2,4,acli,Acyanogenic,ac,li,Reduced,Control,1,0,0,0,0,178.07,0.017943497,NA,NA,0,1,1,55,0.14,1236.77,NA,NA
Louisiana,8,1,1,Acli,Acyanogenic,Ac,li,Control,Reduced,1,1,0,2,0,135.73,0.020859927,NA,NA,0,1,1,32,0.1735,2257.06,NA,NA
Louisiana,8,1,2,AcLi,Cyanogenic,Ac,Li,Control,Reduced,1,1,1,31,0.0924,65.36,0.021873914,NA,NA,1,1,1,95,0.966,1277.52,NA,9.4
Louisiana,8,1,3,acli,Acyanogenic,ac,li,Control,Reduced,1,1,1,5,0.0224,367.47,0.01340255,NA,NA,0,1,1,47,0.2244,1214.89,NA,9.466666667
Louisiana,8,1,4,acLi,Acyanogenic,ac,Li,Control,Reduced,1,0,0,0,0,34.98,0.021682494,NA,NA,0,0,0,0,0,437.92,NA,NA
Louisiana,8,2,1,acLi,Acyanogenic,ac,Li,Reduced,Control,1,1,1,37,0.0058,606.48,0.014951057,NA,NA,0,0,0,0,0,1527.48,NA,NA
Louisiana,8,2,2,Acli,Acyanogenic,Ac,li,Reduced,Control,1,1,0,6,0,171.56,0.022688914,NA,NA,1,1,1,38,0.0854,1116.24,NA,18.66666667
Louisiana,8,2,3,AcLi,Cyanogenic,Ac,Li,Reduced,Control,1,1,1,36,0.073,261.55,0.01320784,NA,NA,0,1,1,63,0.1872,1742.19,NA,34.66666667
Louisiana,8,2,4,acli,Acyanogenic,ac,li,Reduced,Control,1,1,1,14,0.0059,288.76,0.027115405,NA,NA,1,1,1,38,0.1919,1107.41,NA,27.46666667
Louisiana,9,1,1,acli,Acyanogenic,ac,li,Control,Control,1,1,0,1,0,128.58,0.013096594,NA,NA,1,1,1,11,0.0151,1582.45,0.003595123,5.933333333
Louisiana,9,1,2,acli,Acyanogenic,ac,li,Control,Control,1,0,0,0,0,17.7,0.00781946,NA,NA,0,0,0,0,0,25.17,NA,7.466666667
Louisiana,9,1,3,acLi,Acyanogenic,ac,Li,Control,Control,1,1,1,5,0.0076,105.76,0.03191834,NA,NA,1,1,1,80,0.1382,1182.09,NA,4.866666667
Louisiana,9,1,4,acLi,Acyanogenic,ac,Li,Control,Control,1,0,0,0,0,134.31,0.013230213,NA,NA,1,1,1,3,0.0263,1273.86,0.002909326,10.33333333
Louisiana,9,2,1,Acli,Acyanogenic,Ac,li,Reduced,Reduced,1,1,1,8,0.0006,144.21,0.010877846,NA,NA,0,1,0,60,0,2398.82,NA,NA
Louisiana,9,2,2,acLi,Acyanogenic,ac,Li,Reduced,Reduced,1,1,1,153,0.0123,193.37,0.04169992,NA,NA,1,1,1,121,0.2118,1665.61,NA,3.866666667
Louisiana,9,2,3,AcLi,Cyanogenic,Ac,Li,Reduced,Reduced,1,1,1,24,0.0088,166.15,0.014016771,NA,NA,0,1,1,70,0.1472,1213.23,NA,13.26666667
Louisiana,9,2,4,acli,Acyanogenic,ac,li,Reduced,Reduced,1,1,1,3,0.0062,220.78,0.014751083,NA,NA,0,0,0,0,0,805.96,NA,17.93333333
Louisiana,10,1,1,Acli,Acyanogenic,Ac,li,Control,Control,1,1,0,10,0,319.9,0.042783837,NA,NA,0,1,1,5,0.0108,1183.54,NA,NA
Louisiana,10,1,2,acLi,Acyanogenic,ac,Li,Control,Control,1,0,0,0,0,89.25,0.016366546,NA,NA,0,0,0,0,0,179.32,NA,NA
Louisiana,10,1,3,acLi,Acyanogenic,ac,Li,Control,Control,1,1,1,1,0.0081,84.05,0.020638176,NA,NA,0,1,0,6,0,755.54,NA,NA
Louisiana,10,1,4,acli,Acyanogenic,ac,li,Control,Control,1,1,1,2,0.0117,254.09,0.011779179,NA,NA,0,0,0,0,0,416.32,NA,NA
Louisiana,10,2,1,acli,Acyanogenic,ac,li,Reduced,Reduced,1,1,1,7,0.0192,54.07,0.010625121,NA,NA,1,0,0,0,0,739.1,NA,14.53333333
Louisiana,10,2,2,acli,Acyanogenic,ac,li,Reduced,Reduced,1,1,0,4,0,69.2,0.018888719,NA,NA,0,1,1,4,0.0084,858.59,NA,39.44444444
Louisiana,10,2,3,acLi,Acyanogenic,ac,Li,Reduced,Reduced,1,1,1,10,0.0088,128.78,0.012676911,NA,NA,0,0,0,0,0,1017.76,NA,0
Louisiana,10,2,4,acLi,Acyanogenic,ac,Li,Reduced,Reduced,1,1,1,123,0.2918,474.85,0.023660853,NA,NA,0,1,1,103,0.1359,1464.83,NA,1.866666667
Louisiana,11,1,1,AcLi,Cyanogenic,Ac,Li,Control,Control,1,1,1,1,0.0039,157.22,0.007982284,NA,NA,1,1,1,88,0.0192,1310.48,0.002905511,8.6
Louisiana,11,1,2,Acli,Acyanogenic,Ac,li,Control,Control,1,0,0,0,0,79.52,0.015321461,NA,NA,1,1,0,12,0,959.36,0.002931113,14.8
Louisiana,11,1,3,acLi,Acyanogenic,ac,Li,Control,Control,1,1,1,8,0.0083,232,0.006965113,NA,NA,1,1,0,6,0,1141.82,0.003023692,8.666666667
Louisiana,11,1,4,acli,Acyanogenic,ac,li,Control,Control,1,1,0,1,0,291.26,0.01265808,NA,NA,1,1,0,62,0,1155.69,NA,4.8
Louisiana,11,2,1,acLi,Acyanogenic,ac,Li,Reduced,Reduced,1,1,1,31,0.4138,215.67,0.021863747,NA,NA,1,1,1,102,0.9474,1464.38,NA,11.26666667
Louisiana,11,2,2,Acli,Acyanogenic,Ac,li,Reduced,Reduced,1,1,1,1,0.0001,133.98,0.041588099,NA,NA,1,0,0,0,0,1067.84,NA,5.733333333
Louisiana,11,2,3,acli,Acyanogenic,ac,li,Reduced,Reduced,1,1,1,21,0.0077,336.1,0.031214242,NA,NA,1,1,1,51,0.2453,1397.26,NA,10.8
Louisiana,11,2,4,acli,Acyanogenic,ac,li,Reduced,Reduced,1,1,0,1,0,389.7,0.016390312,0.6,NA,1,1,1,21,0.1358,714.08,NA,10.13333333
Louisiana,12,1,1,acli,Acyanogenic,ac,li,Control,Reduced,1,1,1,7,0.0357,531.35,0.014963225,0.4,NA,1,1,1,270,5.8999,1255.63,NA,11
Louisiana,12,1,2,Acli,Acyanogenic,Ac,li,Control,Reduced,1,1,1,28,0.3406,316.71,0.022874559,0.8,NA,0,1,1,284,5.4299,925.01,NA,30.86666667
Louisiana,12,1,3,acLi,Acyanogenic,ac,Li,Control,Reduced,1,1,1,69,0.0448,439.99,0.012740082,1.4,NA,0,1,1,222,3.0877,733.24,NA,18.66666667
Louisiana,12,1,4,acli,Acyanogenic,ac,li,Control,Reduced,1,0,0,0,0,363.7,0.028391873,0,NA,0,1,1,10,0.0391,250.72,NA,NA
Louisiana,12,2,1,acLi,Acyanogenic,ac,Li,Reduced,Reduced,1,1,1,16,0.0203,192.31,0.007290982,6.466666667,NA,1,1,1,102,1.6362,1913.35,NA,15.53333333
Louisiana,12,2,2,acLi,Acyanogenic,ac,Li,Reduced,Reduced,1,1,1,39,0.0088,313.75,0.04724319,1.4,NA,0,1,1,200,0.2668,2472.6,NA,10.06666667
Louisiana,12,2,3,acLi,Acyanogenic,ac,Li,Reduced,Reduced,1,1,1,64,0.0561,244.54,0.02361174,0.133333333,NA,1,1,0,10,0,1533.03,NA,8.133333333
Louisiana,12,2,4,acli,Acyanogenic,ac,li,Reduced,Reduced,1,1,1,1,0.0062,283.75,0.025077164,0,NA,1,1,0,1,0,2342.57,0.005768955,6.066666667
Louisiana,13,1,1,acLi,Acyanogenic,ac,Li,Control,Reduced,1,1,1,50,0.0035,313.49,0.031368609,0,NA,1,1,1,16,0.019,1309.31,NA,3.466666667
Louisiana,13,1,2,acli,Acyanogenic,ac,li,Control,Reduced,1,1,1,36,0.1544,1215.34,0.017692704,0,NA,1,1,1,7,0.0745,2982.78,NA,5.333333333
Louisiana,13,1,3,acLi,Acyanogenic,ac,Li,Control,Reduced,0,0,0,0,0,4.08,NA,NA,NA,NA,NA,NA,NA,NA,2050.64,NA,NA
Louisiana,13,1,4,Acli,Acyanogenic,Ac,li,Control,Reduced,1,0,0,0,0,160.04,0.025585272,0.733333333,NA,0,1,1,39,0.2144,1138.37,NA,2.466666667
Louisiana,13,2,1,AcLi,Cyanogenic,Ac,Li,Reduced,Reduced,1,1,1,65,0.1819,285.38,0.033984989,1.533333333,NA,1,1,0,5,0,531.39,NA,7.6
Louisiana,13,2,2,acli,Acyanogenic,ac,li,Reduced,Reduced,1,1,1,66,0.106,223.67,0.024582782,2.066666667,NA,0,1,1,36,0.1946,1602.6,NA,1.066666667
Louisiana,13,2,3,Acli,Acyanogenic,Ac,li,Reduced,Reduced,1,1,1,148,0.3372,455.03,0.022440133,6,NA,0,1,1,22,0.1505,996.88,NA,0.733333333
Louisiana,13,2,4,acLi,Acyanogenic,ac,Li,Reduced,Reduced,1,1,1,29,0.042,237.52,0.02003164,1.4,NA,0,1,1,32,0.0477,1836.58,NA,14.53333333
Louisiana,14,1,1,acLi,Acyanogenic,ac,Li,Control,Control,1,1,1,3,0.0144,652.27,0.015594789,1.933333333,NA,1,1,1,7,0.0013,1790.78,0.003727982,7
Louisiana,14,1,2,Acli,Acyanogenic,Ac,li,Control,Control,1,0,0,0,0,219.02,0.017351653,0.533333333,NA,1,1,1,7,0.0494,1051.96,NA,4.266666667
Louisiana,14,1,3,AcLi,Cyanogenic,Ac,Li,Control,Control,1,1,1,2,0.0208,349.67,0.020606156,11.4,NA,1,1,0,6,0,1416.14,NA,0.4
Louisiana,14,1,4,acli,Acyanogenic,ac,li,Control,Control,1,0,0,0,0,371.94,0.015018931,5,NA,1,1,1,6,0.0151,1044.78,NA,7.266666667
Louisiana,14,2,1,acli,Acyanogenic,ac,li,Reduced,Control,1,0,0,0,0,113.17,0.002520848,24.86666667,NA,1,0,0,0,0,776.75,NA,0.4
Louisiana,14,2,2,acLi,Acyanogenic,ac,Li,Reduced,Control,1,1,1,15,0.0645,101.1,0.007633688,5.4,NA,0,1,1,4,0.0141,666.74,NA,NA
Louisiana,14,2,3,Acli,Acyanogenic,Ac,li,Reduced,Control,1,1,1,8,0.0162,354.08,0.019762423,9.866666667,NA,0,1,1,45,0.0475,NA,NA,NA
Louisiana,14,2,4,acli,Acyanogenic,ac,li,Reduced,Control,1,0,0,0,0,408.54,0.020914957,4.466666667,NA,0,0,0,0,0,771.55,NA,NA
Louisiana,15,1,1,acli,Acyanogenic,ac,li,Control,Reduced,1,0,0,0,0,104.23,0.0124784,0.333333333,NA,1,1,1,49,0.44,1327.19,NA,7.6
Louisiana,15,1,2,Acli,Acyanogenic,Ac,li,Control,Reduced,1,1,0,2,0,214.69,0.026516313,3.2,NA,1,1,1,56,0.4621,1591.8,NA,3.066666667
Louisiana,15,1,3,acLi,Acyanogenic,ac,Li,Control,Reduced,1,1,1,NA,0.0027,147.15,0.024263179,1.333333333,NA,0,0,0,0,0,802.33,NA,NA
Louisiana,15,1,4,acLi,Acyanogenic,ac,Li,Control,Reduced,1,0,0,0,0,231.36,0.033688155,5.533333333,NA,1,1,1,16,0.0653,1438.85,NA,40
Louisiana,15,2,1,acli,Acyanogenic,ac,li,Reduced,Control,1,1,0,4,0,318.56,0.02539228,10.53333333,NA,1,1,1,5,0.0123,2043.22,0.004573907,2.8
Louisiana,15,2,2,acli,Acyanogenic,ac,li,Reduced,Control,1,0,0,0,0,123.76,0.016007623,10.4,NA,1,1,1,54,0.1153,837.93,NA,24.66666667
Louisiana,15,2,3,acLi,Acyanogenic,ac,Li,Reduced,Control,1,1,1,1,0.0005,160.24,0.010970775,16.13333333,NA,1,1,1,27,0.0729,1523.24,NA,7.75
Louisiana,15,2,4,Acli,Acyanogenic,Ac,li,Reduced,Control,1,1,1,5,0.0005,301.44,0.01091435,14.6,NA,1,1,1,96,0.4015,1507.72,NA,19
Louisiana,16,1,1,Acli,Acyanogenic,Ac,li,Control,Control,1,0,0,0,0,91.09,0.021968304,6.733333333,NA,1,1,1,31,0.1108,1577.26,NA,4.333333333
Louisiana,16,1,2,acLi,Acyanogenic,ac,Li,Control,Control,1,1,0,2,0,120.87,0.008918831,10.73333333,NA,1,1,1,22,0.0179,1672.33,0.005088463,7.6
Louisiana,16,1,3,acli,Acyanogenic,ac,li,Control,Control,1,0,0,0,0,23.66,0.011473797,10.93333333,NA,1,1,0,6,0,278.98,NA,6.466666667
Louisiana,16,1,4,acLi,Acyanogenic,ac,Li,Control,Control,1,0,0,0,0,102.94,0.028060795,2.2,NA,1,1,1,2,0.0005,1396.54,0.006318516,6.2
Louisiana,16,2,1,acli,Acyanogenic,ac,li,Reduced,Control,1,1,0,1,0,143.74,0.011639016,8.666666667,NA,0,1,1,167,1.9818,1253.75,NA,13.22222222
Louisiana,16,2,2,acli,Acyanogenic,ac,li,Reduced,Control,1,1,0,1,0,35.76,0.001007416,10.86666667,NA,1,1,1,55,0.1651,955.93,0.001655072,14.4
Louisiana,16,2,3,acli,Acyanogenic,ac,li,Reduced,Control,1,1,1,5,0.0152,14.46,0.020702316,13.73333333,NA,1,1,1,15,0.0399,167.39,NA,16.91666667
Louisiana,16,2,4,acLi,Acyanogenic,ac,Li,Reduced,Control,1,1,1,3,0.0024,81.27,0.015254538,35.73333333,NA,1,1,1,86,0.7482,1181.07,NA,4.533333333
Louisiana,17,1,1,acli,Acyanogenic,ac,li,Control,Reduced,1,0,0,0,0,227.61,0.020858341,0.6,NA,1,1,1,9,0.0698,1244.38,NA,19.2
Louisiana,17,1,2,Acli,Acyanogenic,Ac,li,Control,Reduced,1,1,1,19,0.0746,108.8,0.03614106,0.6,NA,1,1,1,57,0.1161,1672.19,NA,9
Louisiana,17,1,3,acli,Acyanogenic,ac,li,Control,Reduced,0,0,0,0,0,0.8,NA,NA,NA,NA,NA,NA,NA,NA,NA,NA,NA
Louisiana,17,1,4,acLi,Acyanogenic,ac,Li,Control,Reduced,1,1,1,21,0.0058,165.38,0.01574367,0.866666667,NA,0,1,1,43,0.1717,1170.43,NA,16.66666667
Louisiana,17,2,1,acli,Acyanogenic,ac,li,Reduced,Reduced,1,1,1,17,0.0667,109.24,0.01663458,0.266666667,NA,0,1,0,6,0,1240.03,NA,NA
Louisiana,17,2,2,acLi,Acyanogenic,ac,Li,Reduced,Reduced,1,1,1,8,0.0537,288.75,0.007422969,0.533333333,NA,1,1,1,19,0.3766,1095.48,NA,6.933333333
Louisiana,17,2,3,Acli,Acyanogenic,Ac,li,Reduced,Reduced,1,1,1,23,0.049,224.87,0.015434764,0.4,NA,0,1,1,27,0.0573,1413.39,NA,NA
Louisiana,17,2,4,acLi,Acyanogenic,ac,Li,Reduced,Reduced,1,1,1,7,0.0089,101.03,0.012979645,0.4,NA,0,1,0,36,0,2239.53,NA,NA
Louisiana,18,1,1,acli,Acyanogenic,ac,li,Control,Control,1,0,0,0,0,44.81,0.018311685,14.4,NA,1,1,0,2,0,609.45,NA,9.066666667
Louisiana,18,1,2,Acli,Acyanogenic,Ac,li,Control,Control,1,1,0,1,0,177.61,0.012159101,13.8,NA,1,1,1,45,0.2641,1256.94,NA,12.93333333
Louisiana,18,1,3,acLi,Acyanogenic,ac,Li,Control,Control,1,1,1,11,0.0689,96.16,0.031706058,3.266666667,NA,1,1,1,22,0.9939,800.84,NA,17
Louisiana,18,1,4,acLi,Acyanogenic,ac,Li,Control,Control,1,0,0,0,0,33.76,0.022862669,7.533333333,NA,1,1,1,7,0.037,541.7,0.00103755,10.33333333
Louisiana,18,2,1,acLi,Acyanogenic,ac,Li,Reduced,Control,1,0,0,0,0,73.5,0.016061166,6.333333333,NA,0,0,0,0,0,848.74,NA,NA
Louisiana,18,2,2,acli,Acyanogenic,ac,li,Reduced,Control,1,0,0,0,0,114.66,0.00929397,16.8,NA,0,0,0,0,0,313,NA,NA
Louisiana,18,2,3,acLi,Acyanogenic,ac,Li,Reduced,Control,1,0,0,0,0,172.59,0.015310368,24.8,NA,0,0,0,0,0,1479.51,NA,NA
Louisiana,18,2,4,Acli,Acyanogenic,Ac,li,Reduced,Control,0,0,0,0,0,1.99,NA,NA,NA,NA,NA,NA,NA,NA,NA,NA,NA
Louisiana,19,1,1,acLi,Acyanogenic,ac,Li,Control,Reduced,0,0,0,0,0,5.02,NA,NA,NA,NA,NA,NA,NA,NA,NA,NA,NA
Louisiana,19,1,2,acli,Acyanogenic,ac,li,Control,Reduced,1,1,1,39,0.0367,105.06,0.013585699,0,NA,1,1,1,79,0.5946,1497.42,NA,0.066666667
Louisiana,19,1,3,Acli,Acyanogenic,Ac,li,Control,Reduced,0,0,0,0,0,NA,NA,NA,NA,NA,NA,NA,NA,NA,NA,NA,NA
Louisiana,19,1,4,AcLi,Cyanogenic,Ac,Li,Control,Reduced,1,1,1,20,0.158,442.68,0.026758892,2.266666667,NA,1,1,1,14,0.0347,1243.99,NA,1
Louisiana,19,2,1,Acli,Acyanogenic,Ac,li,Reduced,Control,1,0,0,0,0,3.73,NA,NA,NA,NA,1,1,197,0.8765,2459.89,0.005681327,2.666666667
Louisiana,19,2,2,acli,Acyanogenic,ac,li,Reduced,Control,1,1,1,1,0.0005,249.73,0.011631045,3.866666667,NA,1,1,1,114,0.5702,1254.76,NA,4.533333333
Louisiana,19,2,3,acLi,Acyanogenic,ac,Li,Reduced,Control,1,0,0,0,0,99.49,0.013660071,4.2,NA,1,1,1,6,0.0439,509.06,NA,11.86666667
Louisiana,19,2,4,acli,Acyanogenic,ac,li,Reduced,Control,1,0,0,0,0,15.67,0.020203456,4.166666667,NA,1,0,0,0,0,643.33,0.012595446,0.4
Louisiana,20,1,1,acli,Acyanogenic,ac,li,Control,Control,1,1,0,1,0,88.07,0.011861137,1.4,NA,1,1,1,23,0.5455,775.82,NA,8.666666667
Louisiana,20,1,2,Acli,Acyanogenic,Ac,li,Control,Control,1,1,1,5,0.0028,164.26,0.006212135,3.533333333,NA,1,1,1,24,0.221,1523.58,0.001151147,2.733333333
Louisiana,20,1,3,acli,Acyanogenic,ac,li,Control,Control,1,0,0,0,0,144.9,0.020044343,0.6,NA,0,1,1,32,0.1835,1138.26,NA,7.466666667
Louisiana,20,1,4,acLi,Acyanogenic,ac,Li,Control,Control,1,0,0,0,0,25.69,0.000151832,3.2,NA,0,1,1,5,0.0103,646.83,NA,10.06666667
Louisiana,20,2,1,Acli,Acyanogenic,Ac,li,Reduced,Reduced,1,0,0,0,0,193.76,0.016820374,0,NA,1,1,1,48,0.167,756.27,NA,22.46666667
Louisiana,20,2,2,AcLi,Cyanogenic,Ac,Li,Reduced,Reduced,1,1,1,17,0.0131,34.49,0.024359794,4.066666667,NA,0,1,1,63,0.3342,999.95,NA,NA
Louisiana,20,2,3,acli,Acyanogenic,ac,li,Reduced,Reduced,1,0,0,0,0,98.04,0.033856765,1,NA,0,0,0,0,0,988.15,NA,NA
Louisiana,20,2,4,acLi,Acyanogenic,ac,Li,Reduced,Reduced,1,1,1,2,0.0006,105.39,0.015867302,1.066666667,NA,0,1,1,3,0.0034,1560.62,NA,NA
Louisiana,21,1,1,acli,Acyanogenic,ac,li,Control,Control,1,0,0,0,0,64.21,0.001157147,1.533333333,NA,1,1,1,8,0.0738,1120.61,NA,31.86666667
Louisiana,21,1,2,acLi,Acyanogenic,ac,Li,Control,Control,0,0,0,0,0,3.05,NA,NA,NA,NA,NA,NA,NA,NA,NA,NA,NA
Louisiana,21,1,3,Acli,Acyanogenic,Ac,li,Control,Control,0,0,0,0,0,24.27,0.005408219,6.6,NA,NA,NA,NA,NA,NA,NA,NA,NA
Louisiana,21,1,4,acLi,Acyanogenic,ac,Li,Control,Control,0,0,0,0,0,2.18,NA,NA,NA,NA,NA,NA,NA,NA,NA,NA,NA
Louisiana,21,2,1,AcLi,Cyanogenic,Ac,Li,Reduced,Reduced,1,0,0,0,0,165.6,0.01959663,4.133333333,NA,1,1,1,111,0.828,1555.89,0.010478021,6.866666667
Louisiana,21,2,2,acLi,Acyanogenic,ac,Li,Reduced,Reduced,1,0,0,0,0,13.46,0.010092483,0.466666667,NA,1,1,1,97,0.8113,1120.29,NA,5.6
Louisiana,21,2,3,Acli,Acyanogenic,Ac,li,Reduced,Reduced,1,0,0,0,0,24.76,0.02011651,0,NA,1,1,1,29,0.3344,500.59,NA,3.466666667
Louisiana,21,2,4,acli,Acyanogenic,ac,li,Reduced,Reduced,1,0,0,0,0,114.06,0.028048332,0.333333333,NA,1,1,1,70,0.4337,1040.01,NA,24.46666667
Louisiana,22,1,1,acLi,Acyanogenic,ac,Li,Control,Control,1,1,1,31,0.0328,498.35,0.017937924,22.4,NA,1,0,0,0,0,1452.81,NA,15.26666667
Louisiana,22,1,2,acli,Acyanogenic,ac,li,Control,Control,1,1,0,1,0,61,0.023528084,4.533333333,NA,1,1,0,5,0,441.32,NA,8.4
Louisiana,22,1,3,acli,Acyanogenic,ac,li,Control,Control,1,0,0,0,0,229.23,0.021173626,7.866666667,NA,0,0,0,0,0,848,0.001120171,16.13333333
Louisiana,22,1,4,acli,Acyanogenic,ac,li,Control,Control,1,0,0,0,0,36.78,0.025307793,6.066666667,NA,1,1,1,1,0.0022,162.05,NA,0.866666667
Louisiana,22,2,1,acLi,Acyanogenic,ac,Li,Reduced,Reduced,1,1,1,79,0.2485,250.67,0.01997817,0,NA,0,1,1,34,0.4936,1549.09,NA,NA
Louisiana,22,2,2,Acli,Acyanogenic,Ac,li,Reduced,Reduced,1,0,0,0,0,154.96,0.017819691,0.4,NA,0,0,0,0,0,775.99,NA,NA
Louisiana,22,2,3,acLi,Acyanogenic,ac,Li,Reduced,Reduced,1,1,1,1,0.0012,135.59,0.00793497,1.2,NA,1,0,0,0,0,1525.2,NA,NA
Louisiana,22,2,4,acli,Acyanogenic,ac,li,Reduced,Reduced,1,1,1,47,0.1174,579.76,0.018535836,5.133333333,NA,0,1,1,23,0.0024,1306.18,NA,NA
Louisiana,23,1,1,acli,Acyanogenic,ac,li,Control,Reduced,1,1,1,19,0.2039,781.29,0.019266934,NA,NA,1,1,1,12,0.1049,3048.37,0.006701525,2.6
Louisiana,23,1,2,AcLi,Cyanogenic,Ac,Li,Control,Reduced,1,1,1,114,0.0803,543.13,0.055229804,NA,NA,1,1,1,83,0.1903,1475.41,NA,0.133333333
Louisiana,23,1,3,acLi,Acyanogenic,ac,Li,Control,Reduced,1,1,1,3,0.0029,274.82,0.024578767,NA,NA,1,1,1,4,0.0022,1394.09,NA,3.333333333
Louisiana,23,1,4,Acli,Acyanogenic,Ac,li,Control,Reduced,1,1,1,38,0.2676,456.71,0.021672601,NA,NA,1,1,1,42,0.056,1198.97,NA,5.6
Louisiana,23,2,1,Acli,Acyanogenic,Ac,li,Reduced,Reduced,1,1,1,30,0.1066,305.94,0.01767499,NA,NA,1,1,1,183,0.3944,1552.5,NA,4.533333333
Louisiana,23,2,2,acLi,Acyanogenic,ac,Li,Reduced,Reduced,1,1,1,9,0.0044,221.07,0.021128046,NA,NA,1,1,1,51,0.2278,1862.45,NA,9.933333333
Louisiana,23,2,3,acli,Acyanogenic,ac,li,Reduced,Reduced,1,1,1,3,0.0192,319.57,0.017675754,NA,NA,0,1,1,49,0.1416,1143.59,NA,NA
Louisiana,23,2,4,AcLi,Cyanogenic,Ac,Li,Reduced,Reduced,1,0,0,0,0,132.38,0.012970771,NA,NA,0,1,1,96,0.6853,1726.36,NA,NA
Louisiana,24,1,1,acLi,Acyanogenic,ac,Li,Control,Reduced,1,1,1,7,0.0029,94.4,0.018280924,NA,NA,1,1,1,21,0.037,1597.85,NA,2.933333333
Louisiana,24,1,2,acLi,Acyanogenic,ac,Li,Control,Reduced,1,1,1,18,0.0232,161.42,0.026239558,NA,NA,0,1,1,14,0.0594,1267.2,NA,8.733333333
Louisiana,24,1,3,acli,Acyanogenic,ac,li,Control,Reduced,1,0,0,0,0,464.15,0.029011431,NA,NA,0,1,1,67,0.7529,1545.19,NA,5.866666667
Louisiana,24,1,4,Acli,Acyanogenic,Ac,li,Control,Reduced,1,1,1,53,0.1651,203.56,0.02551802,NA,NA,0,1,1,104,0.7184,1883.97,NA,24.4
Louisiana,24,2,1,acLi,Acyanogenic,ac,Li,Reduced,Control,1,0,0,0,0,206.38,0.023098698,NA,NA,0,1,1,68,0.0023,1861.95,NA,NA
Louisiana,24,2,2,acli,Acyanogenic,ac,li,Reduced,Control,1,0,0,0,0,124.1,0.013031585,NA,NA,0,1,1,33,0.0383,1199.12,NA,0.8
Louisiana,24,2,3,Acli,Acyanogenic,Ac,li,Reduced,Control,1,1,1,11,0.0214,360.44,0.028135198,NA,NA,0,1,1,119,0.0074,1745.73,NA,NA
Louisiana,24,2,4,AcLi,Cyanogenic,Ac,Li,Reduced,Control,1,1,1,1,0.0011,22.36,0.011740217,NA,NA,0,1,0,8,0,118.75,NA,NA
Louisiana,25,1,1,acli,Acyanogenic,ac,li,Control,Control,1,0,0,0,0,117.79,0.0301186,13.73333333,NA,1,1,1,5,0.0013,1342.67,NA,18.33333333
Louisiana,25,1,2,acli,Acyanogenic,ac,li,Control,Control,1,1,1,8,0.0007,224.05,0.013056042,27.8,NA,1,1,1,12,0.0017,787.28,NA,18.46666667
Louisiana,25,1,3,acLi,Acyanogenic,ac,Li,Control,Control,1,1,0,1,0,245.91,0.013198271,8,NA,0,0,0,0,0,603.67,NA,NA
Louisiana,25,1,4,Acli,Acyanogenic,Ac,li,Control,Control,1,0,0,0,0,69.23,0.018102939,9.4,NA,1,1,1,123,0.3342,1527.79,NA,13.4
Louisiana,25,2,1,acli,Acyanogenic,ac,li,Reduced,Control,1,1,1,15,0.029,236.46,0.016417116,11,NA,0,1,1,95,0.0771,1628.18,NA,NA
Louisiana,25,2,2,acLi,Acyanogenic,ac,Li,Reduced,Control,1,1,1,6,0.0044,135.7,0.016609997,27.93333333,NA,0,1,1,42,0.0826,1306.12,NA,5.133333333
Louisiana,25,2,3,AcLi,Cyanogenic,Ac,Li,Reduced,Control,1,1,1,2,0.0064,299.46,0.027290197,28.6,NA,0,1,1,25,0.3006,822.11,NA,4.133333333
Louisiana,25,2,4,Acli,Acyanogenic,Ac,li,Reduced,Control,1,0,0,0,0,10.41,0.031434412,33.53333333,NA,0,0,0,0,0,97.03,NA,NA
Louisiana,26,1,1,acLi,Acyanogenic,ac,Li,Control,Control,1,1,1,11,0.0064,144.36,0.021672023,7.333333333,NA,0,1,1,231,3.2507,1662.98,NA,NA
Louisiana,26,1,2,AcLi,Cyanogenic,Ac,Li,Control,Control,1,0,0,0,0,85.86,0.017236916,15.93333333,NA,1,1,1,39,0.0123,972.24,NA,NA
Louisiana,26,1,3,Acli,Acyanogenic,Ac,li,Control,Control,0,0,0,0,0,NA,NA,NA,NA,NA,NA,NA,NA,NA,NA,NA,NA
Louisiana,26,1,4,acli,Acyanogenic,ac,li,Control,Control,1,0,0,0,0,145.66,0.01812043,26.13333333,NA,1,1,1,62,0.2317,1057.28,NA,NA
Louisiana,26,2,1,Acli,Acyanogenic,Ac,li,Reduced,Reduced,1,1,1,34,0.0794,227.3,0.031590813,2.466666667,NA,1,1,1,55,0.147,1763.31,NA,NA
Louisiana,26,2,2,acLi,Acyanogenic,ac,Li,Reduced,Reduced,1,1,1,11,0.002,191.01,0.01972784,0,NA,0,1,1,17,0.0434,1251.01,NA,11.26666667
Louisiana,26,2,3,AcLi,Cyanogenic,Ac,Li,Reduced,Reduced,1,1,1,49,0.202,170.63,0.046101963,0.8,NA,0,1,1,142,1.3287,2396,NA,24.73333333
Louisiana,26,2,4,acli,Acyanogenic,ac,li,Reduced,Reduced,1,1,1,68,0.2404,196.96,0.025045509,1.333333333,NA,0,1,1,91,0.5445,1132.82,NA,18
Louisiana,27,1,1,Acli,Acyanogenic,Ac,li,Control,Control,1,0,0,0,0,37.83,0.016734905,19.4,NA,0,1,0,6,0,365.94,NA,NA
Louisiana,27,1,2,acli,Acyanogenic,ac,li,Control,Control,0,0,0,0,0,NA,NA,NA,NA,NA,NA,NA,NA,NA,NA,NA,NA
Louisiana,27,1,3,AcLi,Cyanogenic,Ac,Li,Control,Control,1,0,0,0,0,6.08,0.021512834,1.416666667,NA,1,1,0,1,0,756.52,NA,19.6
Louisiana,27,1,4,acLi,Acyanogenic,ac,Li,Control,Control,1,0,0,0,0,88.67,0.010510151,6,NA,1,1,0,5,0,980.69,NA,4.266666667
Louisiana,27,2,1,acLi,Acyanogenic,ac,Li,Reduced,Control,1,1,1,4,0.0376,52.27,0.009312165,1.466666667,NA,1,1,1,111,0.2322,1260.92,NA,7.466666667
Louisiana,27,2,2,AcLi,Cyanogenic,Ac,Li,Reduced,Control,1,1,0,4,0,77.24,0.037607813,12.66666667,NA,0,1,1,246,0.6545,2078.87,NA,NA
Louisiana,27,2,3,acli,Acyanogenic,ac,li,Reduced,Control,1,0,0,0,0,22.67,0.005148399,23.06666667,NA,0,0,0,0,0,NA,NA,NA
Louisiana,27,2,4,Acli,Acyanogenic,Ac,li,Reduced,Control,1,0,0,0,0,22.99,0.020604727,1.666666667,NA,1,1,0,3,0,343.95,0.002087339,2.533333333
Louisiana,28,1,1,acLi,Acyanogenic,ac,Li,Control,Control,0,0,0,0,0,7.01,NA,10.06666667,NA,NA,NA,NA,NA,NA,NA,NA,NA
Louisiana,28,1,2,acli,Acyanogenic,ac,li,Control,Control,1,0,0,0,0,45.35,0.008593544,10.13333333,NA,1,1,1,168,6.21,672.67,NA,19.2
Louisiana,28,1,3,acLi,Acyanogenic,ac,Li,Control,Control,0,0,0,0,0,5.47,0.011213901,0.4,NA,NA,NA,NA,NA,NA,NA,NA,NA
Louisiana,28,1,4,Acli,Acyanogenic,Ac,li,Control,Control,1,0,0,0,0,54.02,0.019936735,14.86666667,NA,0,1,1,215,6.3617,1033.9,NA,18.53333333
Louisiana,28,2,1,acLi,Acyanogenic,ac,Li,Reduced,Control,0,0,0,0,0,2.19,NA,NA,NA,NA,NA,NA,NA,NA,NA,NA,NA
Louisiana,28,2,2,Acli,Acyanogenic,Ac,li,Reduced,Control,0,0,0,0,0,NA,NA,NA,NA,NA,NA,NA,NA,NA,NA,NA,NA
Louisiana,28,2,3,acli,Acyanogenic,ac,li,Reduced,Control,0,0,0,0,0,28.59,0.027493373,4.733333333,NA,NA,NA,NA,NA,NA,NA,NA,NA
Louisiana,28,2,4,acLi,Acyanogenic,ac,Li,Reduced,Control,0,0,0,0,0,6.44,0.014495122,52,NA,NA,NA,NA,NA,NA,NA,NA,NA
Louisiana,29,1,1,acLi,Acyanogenic,ac,Li,Control,Control,1,0,0,0,0,26.14,0.019557759,0,NA,1,1,1,126,2.781,961.31,NA,NA
Louisiana,29,1,2,acLi,Acyanogenic,ac,Li,Control,Control,1,0,0,0,0,27.87,0.008187928,80.33333333,NA,0,1,1,305,4.9548,1093.8,NA,NA
Louisiana,29,1,3,Acli,Acyanogenic,Ac,li,Control,Control,1,0,0,0,0,18.24,0.00479414,7.333333333,NA,0,0,0,0,0,183.33,NA,NA
Louisiana,29,1,4,acli,Acyanogenic,ac,li,Control,Control,1,0,0,0,0,47.96,NA,16.06666667,NA,0,1,1,147,4.6198,676.05,NA,NA
Louisiana,29,2,1,Acli,Acyanogenic,Ac,li,Reduced,Control,1,0,0,0,0,58.81,NA,27.66666667,NA,0,1,1,234,3.0306,1470.34,NA,17.2
Louisiana,29,2,2,acli,Acyanogenic,ac,li,Reduced,Control,0,0,0,0,0,50.99,0.016806863,NA,NA,NA,NA,NA,NA,NA,NA,NA,25.26666667
Louisiana,29,2,3,acLi,Acyanogenic,ac,Li,Reduced,Control,1,0,0,0,0,22.98,0.020066692,35.06666667,NA,1,1,0,1,0,208.82,NA,NA
Louisiana,29,2,4,acLi,Acyanogenic,ac,Li,Reduced,Control,1,0,0,0,0,33.93,0.00762104,45.66666667,NA,0,1,1,30,0.1558,1292.47,NA,37.33333333
Louisiana,30,1,1,AcLi,Cyanogenic,Ac,Li,Control,Control,1,1,1,1,0.0438,85.56,0.018924314,13.66666667,NA,1,1,1,359,8.4504,1545.05,NA,20.86666667
Louisiana,30,1,2,acli,Acyanogenic,ac,li,Control,Control,0,0,0,0,0,47.51,NA,83.58333333,NA,NA,NA,NA,NA,NA,NA,NA,NA
Louisiana,30,1,3,Acli,Acyanogenic,Ac,li,Control,Control,1,0,0,0,0,12.16,0.019197982,4.266666667,NA,NA,1,1,12,0.1114,NA,NA,NA
Louisiana,30,1,4,acLi,Acyanogenic,ac,Li,Control,Control,1,0,0,0,0,17.88,0.006509936,3.933333333,NA,0,1,1,269,11.3114,918.04,NA,27.26666667
Louisiana,30,2,1,Acli,Acyanogenic,Ac,li,Reduced,Reduced,0,0,0,0,0,2.26,NA,NA,NA,NA,NA,NA,NA,NA,NA,NA,NA
Louisiana,30,2,2,acLi,Acyanogenic,ac,Li,Reduced,Reduced,0,0,0,0,0,0.65,NA,NA,NA,NA,NA,NA,NA,NA,NA,NA,NA
Louisiana,30,2,3,acLi,Acyanogenic,ac,Li,Reduced,Reduced,0,0,0,0,0,12.52,NA,NA,NA,NA,NA,NA,NA,NA,NA,NA,NA
Louisiana,30,2,4,acli,Acyanogenic,ac,li,Reduced,Reduced,0,0,0,0,0,10.08,NA,NA,NA,NA,NA,NA,NA,NA,NA,NA,NA
Louisiana,31,1,1,acli,Acyanogenic,ac,li,Control,Control,0,0,0,0,0,8.61,NA,NA,NA,NA,NA,NA,NA,NA,NA,NA,NA
Louisiana,31,1,2,Acli,Acyanogenic,Ac,li,Control,Control,0,0,0,0,0,6.34,NA,NA,NA,NA,NA,NA,NA,NA,NA,NA,NA
Louisiana,31,1,3,acLi,Acyanogenic,ac,Li,Control,Control,0,0,0,0,0,0.94,NA,NA,NA,NA,NA,NA,NA,NA,NA,NA,NA
Louisiana,31,1,4,AcLi,Cyanogenic,Ac,Li,Control,Control,0,0,0,0,0,4.65,7.69E-05,33.73333333,NA,NA,NA,NA,NA,NA,NA,NA,NA
Louisiana,31,2,1,acLi,Acyanogenic,ac,Li,Reduced,Reduced,0,0,0,0,0,0.63,NA,NA,NA,NA,NA,NA,NA,NA,NA,NA,NA
Louisiana,31,2,2,acLi,Acyanogenic,ac,Li,Reduced,Reduced,0,0,0,0,0,0.15,NA,NA,NA,NA,NA,NA,NA,NA,NA,NA,NA
Louisiana,31,2,3,acli,Acyanogenic,ac,li,Reduced,Reduced,0,0,0,0,0,2.95,NA,NA,NA,NA,NA,NA,NA,NA,NA,NA,NA
Louisiana,31,2,4,Acli,Acyanogenic,Ac,li,Reduced,Reduced,0,1,1,1,0.0009,22.54,0.014129453,0.8,NA,NA,NA,NA,NA,NA,NA,NA,NA
Louisiana,32,1,1,acli,Acyanogenic,ac,li,Control,Control,1,0,0,0,0,148.48,0.008981687,25.93333333,NA,1,1,1,31,0.2121,1330.73,NA,0.6
Louisiana,32,1,2,acLi,Acyanogenic,ac,Li,Control,Control,1,0,0,0,0,22.59,0.001699845,20.53333333,NA,1,1,1,11,0.3944,557.15,NA,15.2
Louisiana,32,1,3,Acli,Acyanogenic,Ac,li,Control,Control,1,0,0,0,0,31.38,0.028281827,31.26666667,NA,1,1,1,12,0.0337,1284.75,NA,20.26666667
Louisiana,32,1,4,AcLi,Cyanogenic,Ac,Li,Control,Control,1,0,0,0,0,7.98,0.006016486,18.66666667,NA,1,1,0,3,0,233.13,NA,3.066666667
Louisiana,32,2,1,acLi,Acyanogenic,ac,Li,Reduced,Control,1,0,0,0,0,54.55,0.027535664,24.4,NA,0,1,1,29,0.1199,623.07,NA,4.466666667
Louisiana,32,2,2,acli,Acyanogenic,ac,li,Reduced,Control,1,0,0,0,0,267.96,0.017108434,9.466666667,NA,1,1,1,9,0.0193,948.98,NA,11.2
Louisiana,32,2,3,AcLi,Cyanogenic,Ac,Li,Reduced,Control,1,0,0,0,0,44.77,0.036267263,27.46666667,NA,1,1,0,2,0,1066,NA,35.2
Louisiana,32,2,4,Acli,Acyanogenic,Ac,li,Reduced,Control,1,1,1,2,0.0062,143.47,0.016710568,21.6,NA,0,1,1,50,0.2417,854.36,NA,NA
Louisiana,33,1,1,acli,Acyanogenic,ac,li,Control,Control,1,0,0,0,0,195.72,0.014756944,11.33333333,NA,1,1,1,1,0.0021,1522.41,0.005622566,9.6
Louisiana,33,1,2,Acli,Acyanogenic,Ac,li,Control,Control,1,0,0,0,0,111.94,0.027997216,21.4,NA,0,1,1,132,3.0609,1299.72,NA,18.86666667
Louisiana,33,1,3,acLi,Acyanogenic,ac,Li,Control,Control,1,1,0,1,0,51.67,0.024319796,40.4,NA,0,1,1,18,0.1451,1165.37,NA,NA
Louisiana,33,1,4,acli,Acyanogenic,ac,li,Control,Control,0,0,0,0,0,1.71,NA,NA,NA,NA,NA,NA,NA,NA,NA,NA,NA
Louisiana,33,2,1,acli,Acyanogenic,ac,li,Reduced,Reduced,0,0,0,0,0,NA,NA,NA,NA,NA,NA,NA,NA,NA,NA,NA,NA
Louisiana,33,2,2,Acli,Acyanogenic,Ac,li,Reduced,Reduced,0,0,0,0,0,0.96,NA,NA,NA,NA,NA,NA,NA,NA,NA,NA,NA
Louisiana,33,2,3,acli,Acyanogenic,ac,li,Reduced,Reduced,1,1,1,10,0.0485,278.22,0.035884526,0,NA,0,0,0,0,0,880.47,NA,NA
Louisiana,33,2,4,acLi,Acyanogenic,ac,Li,Reduced,Reduced,1,1,1,2,0.0233,356.2,0.017909061,2.2,NA,0,0,0,0,0,1433.71,NA,NA
Louisiana,34,1,1,AcLi,Cyanogenic,Ac,Li,Control,Reduced,1,1,1,62,0.1933,697.62,0.028203301,1.533333333,NA,0,1,1,229,6.0464,1264.94,NA,NA
Louisiana,34,1,2,acLi,Acyanogenic,ac,Li,Control,Reduced,1,1,1,10,0.0081,373.41,0.025268863,3.733333333,NA,0,1,1,246,6.9259,1239.05,NA,0
Louisiana,34,1,3,Acli,Acyanogenic,Ac,li,Control,Reduced,1,1,0,2,0,120.59,0.013872552,0,NA,0,1,0,4,0,790,NA,NA
Louisiana,34,1,4,acli,Acyanogenic,ac,li,Control,Reduced,1,1,1,5,0.0211,433.77,0.02802321,0,NA,0,1,1,246,11.1039,1524.71,NA,NA
Louisiana,34,2,1,AcLi,Cyanogenic,Ac,Li,Reduced,Reduced,1,0,0,0,0,109.39,0.017156954,2.533333333,NA,1,0,0,0,0,695.96,NA,8.8
Louisiana,34,2,2,acLi,Acyanogenic,ac,Li,Reduced,Reduced,1,0,0,0,0,238.71,0.020999293,0.6,NA,1,0,0,0,0,630.37,NA,8.2
Louisiana,34,2,3,acli,Acyanogenic,ac,li,Reduced,Reduced,1,1,1,2,0.0383,225.35,0.015719554,0.933333333,NA,1,0,0,0,0,2315.33,0.007050414,10.46666667
Louisiana,34,2,4,Acli,Acyanogenic,Ac,li,Reduced,Reduced,1,1,1,12,0.0117,106.58,0.022426623,0,NA,1,1,1,24,0.1561,930.9,NA,2.333333333
Louisiana,35,1,1,Acli,Acyanogenic,Ac,li,Control,Control,1,1,1,31,0.0666,398.45,0.032504878,6,NA,1,1,1,122,0.1554,1550.9,NA,11.06666667
Louisiana,35,1,2,acli,Acyanogenic,ac,li,Control,Control,1,1,1,22,0.0562,380.5,0.025405849,12.6,NA,1,1,1,78,0.0907,1453.52,NA,8.666666667
Louisiana,35,1,3,acli,Acyanogenic,ac,li,Control,Control,1,0,0,0,0,90.08,0.052512049,17.13333333,NA,1,0,0,0,0,228.44,NA,15.33333333
Louisiana,35,1,4,AcLi,Cyanogenic,Ac,Li,Control,Control,1,1,1,3,0.0012,277.56,0.052048515,14.2,NA,0,1,1,113,0.0795,1380.01,NA,NA
Louisiana,35,2,1,AcLi,Cyanogenic,Ac,Li,Reduced,Reduced,1,1,1,4,0.0057,135.55,0.045729133,3.133333333,NA,0,1,1,1,0.012,NA,NA,NA
Louisiana,35,2,2,acLi,Acyanogenic,ac,Li,Reduced,Reduced,1,1,1,6,0.0334,159.8,0.018952734,2.866666667,NA,1,1,1,25,0.0842,1498.72,0.004795739,3.733333333
Louisiana,35,2,3,acli,Acyanogenic,ac,li,Reduced,Reduced,1,1,1,40,0.0189,269.25,0.021606597,0.866666667,NA,0,1,1,2,0.0612,26.76,NA,6.266666667
Louisiana,35,2,4,Acli,Acyanogenic,Ac,li,Reduced,Reduced,1,1,1,13,0.0346,222.75,0.026595329,2.8,NA,0,0,0,0,0,NA,NA,NA
Louisiana,36,1,1,Acli,Acyanogenic,Ac,li,Control,Reduced,0,0,0,0,0,2.35,NA,NA,NA,NA,NA,NA,NA,NA,NA,NA,NA
Louisiana,36,1,2,AcLi,Cyanogenic,Ac,Li,Control,Reduced,1,1,1,17,0.1087,262.61,0.066163208,0,NA,0,1,1,69,0.2389,2487.75,NA,NA
Louisiana,36,1,3,acLi,Acyanogenic,ac,Li,Control,Reduced,1,0,0,0,0,37.43,0.043223864,9,NA,0,0,0,0,0,1016.22,NA,NA
Louisiana,36,1,4,acli,Acyanogenic,ac,li,Control,Reduced,1,0,0,0,0,309.52,0.022605245,9.333333333,NA,0,1,1,3,0.0114,1025.93,NA,NA
Louisiana,36,2,1,Acli,Acyanogenic,Ac,li,Reduced,Reduced,1,1,1,98,0.8198,287.74,0.017932215,1.733333333,NA,0,1,1,90,0.6896,NA,NA,NA
Louisiana,36,2,2,AcLi,Cyanogenic,Ac,Li,Reduced,Reduced,1,1,1,84,0.3009,922.11,0.021685696,7.8,NA,0,1,1,98,0.0715,NA,NA,NA
Louisiana,36,2,3,acli,Acyanogenic,ac,li,Reduced,Reduced,1,0,0,0,0,68.57,0.010425707,14.06666667,NA,0,0,0,0,0,NA,NA,NA
Louisiana,36,2,4,acLi,Acyanogenic,ac,Li,Reduced,Reduced,1,1,1,27,0.2407,357.41,0.045282983,0.333333333,NA,0,1,1,27,0.3707,NA,NA,NA
Louisiana,37,1,1,Acli,Acyanogenic,Ac,li,Control,Reduced,1,0,0,0,0,127.05,0.027832133,3.133333333,NA,1,1,1,67,0.0103,1446.17,NA,4
Louisiana,37,1,2,AcLi,Cyanogenic,Ac,Li,Control,Reduced,1,1,1,30,0.106,362.5,0.02496135,3.733333333,NA,1,1,1,8,0.0065,1862.34,0.00327678,1.533333333
Louisiana,37,1,3,acLi,Acyanogenic,ac,Li,Control,Reduced,1,1,0,1,0,113.84,0.0282087,4.266666667,NA,1,1,1,8,0.0043,1060.58,0.001254606,11.2
Louisiana,37,1,4,acli,Acyanogenic,ac,li,Control,Reduced,0,0,0,0,0,30.07,0.004218416,3.8,NA,NA,NA,NA,NA,NA,NA,NA,NA
Louisiana,37,2,1,Acli,Acyanogenic,Ac,li,Reduced,Control,1,1,1,2,0.0037,100.82,0.011453464,16.33333333,NA,1,0,0,0,0,634.44,NA,8.066666667
Louisiana,37,2,2,acLi,Acyanogenic,ac,Li,Reduced,Control,1,0,0,0,0,144.72,0.014426087,16.26666667,NA,1,1,0,1,0,1601.87,0.005570185,18.6
Louisiana,37,2,3,AcLi,Cyanogenic,Ac,Li,Reduced,Control,1,1,1,23,0.0363,245.28,0.019135672,4.4,NA,0,1,1,110,0.5016,1709.38,NA,4.266666667
Louisiana,37,2,4,acli,Acyanogenic,ac,li,Reduced,Control,1,1,0,1,0,128.94,0.019139633,22,NA,1,1,1,50,0.0898,998.59,0.002717923,5
Louisiana,38,1,1,Acli,Acyanogenic,Ac,li,Control,Reduced,1,1,1,13,0.0728,88.84,0.011875783,NA,NA,0,1,1,3,0.2478,1278.08,NA,NA
Louisiana,38,1,2,acLi,Acyanogenic,ac,Li,Control,Reduced,1,0,0,0,0,172.21,0.016623438,NA,NA,1,1,1,61,1.236,1801.29,NA,8.2
Louisiana,38,1,3,acli,Acyanogenic,ac,li,Control,Reduced,1,0,0,0,0,134.09,0.013046002,NA,NA,1,0,0,0,0,1243.84,NA,10.6
Louisiana,38,1,4,Acli,Acyanogenic,Ac,li,Control,Reduced,0,0,0,0,0,10.49,NA,NA,NA,NA,NA,NA,NA,NA,NA,NA,NA
Louisiana,38,2,1,acLi,Acyanogenic,ac,Li,Reduced,Control,1,1,1,2,0.0917,58.24,0.011489464,NA,NA,1,1,1,67,0.4522,1389.55,NA,11
Louisiana,38,2,2,AcLi,Cyanogenic,Ac,Li,Reduced,Control,1,1,0,1,0,132.89,0.01548022,NA,NA,1,1,1,4,0.0009,1054.58,NA,23.33333333
Louisiana,38,2,3,Acli,Acyanogenic,Ac,li,Reduced,Control,1,0,0,0,0,87.18,0.010048302,NA,NA,1,1,1,116,0.3474,1236.27,NA,17
Louisiana,38,2,4,acli,Acyanogenic,ac,li,Reduced,Control,1,0,0,0,0,25.04,0.010462232,NA,NA,1,1,0,3,0,433.17,NA,19.13333333
Louisiana,39,1,1,acLi,Acyanogenic,ac,Li,Control,Control,0,0,0,0,0,16.36,NA,24.86666667,NA,NA,NA,NA,NA,NA,NA,NA,NA
Louisiana,39,1,2,Acli,Acyanogenic,Ac,li,Control,Control,0,0,0,0,0,3.28,0.033052827,NA,NA,NA,NA,NA,NA,NA,NA,NA,NA
Louisiana,39,1,3,acli,Acyanogenic,ac,li,Control,Control,1,0,0,0,0,31.63,0.011841628,24.4,NA,1,1,1,159,2.4034,873.85,NA,18.73333333
Louisiana,39,1,4,AcLi,Cyanogenic,Ac,Li,Control,Control,1,0,0,0,0,31.7,0.006276757,34.6,NA,1,1,1,209,4.8538,1010.97,0.000684639,20.91666667
Louisiana,39,2,1,Acli,Acyanogenic,Ac,li,Reduced,Reduced,0,0,0,0,0,20.74,NA,NA,NA,NA,NA,NA,NA,NA,NA,NA,NA
Louisiana,39,2,2,acLi,Acyanogenic,ac,Li,Reduced,Reduced,0,0,0,0,0,1.44,NA,NA,NA,NA,NA,NA,NA,NA,NA,NA,NA
Louisiana,39,2,3,acli,Acyanogenic,ac,li,Reduced,Reduced,1,0,0,0,0,32.15,0.010698547,0.6,NA,0,1,1,161,3.5563,1009.2,NA,NA
Louisiana,39,2,4,AcLi,Cyanogenic,Ac,Li,Reduced,Reduced,0,0,0,0,0,11.62,NA,0,NA,NA,NA,NA,NA,NA,NA,NA,NA
Louisiana,40,1,1,acli,Acyanogenic,ac,li,Control,Reduced,0,0,0,0,0,13.53,NA,NA,NA,NA,NA,NA,NA,NA,NA,NA,NA
Louisiana,40,1,2,acLi,Acyanogenic,ac,Li,Control,Reduced,0,0,0,0,0,2.12,NA,NA,NA,NA,NA,NA,NA,NA,NA,NA,NA
Louisiana,40,1,3,AcLi,Cyanogenic,Ac,Li,Control,Reduced,0,0,0,0,0,7.31,NA,NA,NA,NA,NA,NA,NA,NA,NA,NA,NA
Louisiana,40,1,4,Acli,Acyanogenic,Ac,li,Control,Reduced,0,0,0,0,0,6.24,NA,NA,NA,NA,NA,NA,NA,NA,NA,NA,NA
Louisiana,40,2,1,acli,Acyanogenic,ac,li,Reduced,Control,1,0,0,0,0,41.22,0.017218155,20.86666667,NA,0,1,1,166,3.4306,885.36,NA,16.08333333
Louisiana,40,2,2,acLi,Acyanogenic,ac,Li,Reduced,Control,1,0,0,0,0,21.53,NA,23.4,NA,0,1,1,187,2.552,726.68,NA,NA
Louisiana,40,2,3,Acli,Acyanogenic,Ac,li,Reduced,Control,1,0,0,0,0,23.89,0.007401752,23.73333333,NA,0,1,1,289,4.0239,1168.8,NA,NA
Louisiana,40,2,4,AcLi,Cyanogenic,Ac,Li,Reduced,Control,0,0,0,0,0,16.38,0.013832707,25.26666667,NA,NA,NA,NA,NA,NA,NA,NA,NA
Louisiana,41,1,1,acLi,Acyanogenic,ac,Li,Control,Reduced,0,0,0,0,0,18.65,NA,0.2,NA,NA,NA,NA,NA,NA,NA,NA,NA
Louisiana,41,1,2,acli,Acyanogenic,ac,li,Control,Reduced,0,0,0,0,0,16.15,NA,NA,NA,NA,NA,NA,NA,NA,NA,NA,NA
Louisiana,41,1,3,acLi,Acyanogenic,ac,Li,Control,Reduced,0,0,0,0,0,6.05,NA,NA,NA,NA,NA,NA,NA,NA,NA,NA,NA
Louisiana,41,1,4,Acli,Acyanogenic,Ac,li,Control,Reduced,0,0,0,0,0,0.58,NA,NA,NA,NA,NA,NA,NA,NA,NA,NA,NA
Louisiana,41,2,1,acLi,Acyanogenic,ac,Li,Reduced,Control,1,0,0,0,0,3.32,0.004848305,4.6,NA,NA,1,1,10,0.0028,NA,NA,NA
Louisiana,41,2,2,Acli,Acyanogenic,Ac,li,Reduced,Control,1,0,0,0,0,70.41,0.018696404,57.93333333,NA,1,1,1,398,8.5192,1644.69,NA,16.06666667
Louisiana,41,2,3,acLi,Acyanogenic,ac,Li,Reduced,Control,1,0,0,0,0,NA,NA,NA,NA,NA,1,1,80,2.0119,NA,NA,3.416666667
Louisiana,41,2,4,acli,Acyanogenic,ac,li,Reduced,Control,1,1,1,1,0.0038,221.12,0.015736464,41,NA,1,1,1,49,1.1839,407.38,0.001693234,NA
Louisiana,42,1,1,acLi,Acyanogenic,ac,Li,Control,Reduced,1,0,0,0,0,234.59,0.024666519,1.866666667,NA,0,1,1,103,2.9502,1113.81,NA,22.06666667
Louisiana,42,1,2,acli,Acyanogenic,ac,li,Control,Reduced,1,1,0,3,0,180.65,0.029977487,20.6,NA,1,1,1,249,5.9113,1590.62,NA,13.66666667
Louisiana,42,1,3,Acli,Acyanogenic,Ac,li,Control,Reduced,1,0,0,0,0,198.53,0.02171617,0.866666667,NA,1,1,1,252,5.3147,1264.64,NA,6.533333333
Louisiana,42,1,4,acLi,Acyanogenic,ac,Li,Control,Reduced,0,0,0,0,0,15.49,0.024151591,0,NA,NA,NA,NA,NA,NA,NA,NA,NA
Louisiana,42,2,1,acli,Acyanogenic,ac,li,Reduced,Reduced,1,0,0,0,0,164.16,0.028327374,5.133333333,NA,0,1,1,97,4.1372,1065.03,NA,NA
Louisiana,42,2,2,Acli,Acyanogenic,Ac,li,Reduced,Reduced,1,1,1,66,0.5292,319.62,0.018847338,5.266666667,NA,0,1,1,275,9.1516,1757.38,NA,NA
Louisiana,42,2,3,acli,Acyanogenic,ac,li,Reduced,Reduced,1,1,1,185,0.8377,521.31,0.021762278,0.266666667,NA,0,1,1,100,2.5717,755.98,NA,NA
Louisiana,42,2,4,acLi,Acyanogenic,ac,Li,Reduced,Reduced,1,1,1,8,0.0737,256.08,0.016791378,13.26666667,NA,0,1,1,53,1.0724,722.22,NA,NA
Louisiana,43,1,1,AcLi,Cyanogenic,Ac,Li,Control,Control,1,0,0,0,0,90.12,0.019379346,19.06666667,NA,0,1,1,199,1.6886,1305.09,NA,NA
Louisiana,43,1,2,acli,Acyanogenic,ac,li,Control,Control,0,0,0,0,0,28.55,0.046386288,19.26666667,NA,NA,NA,NA,NA,NA,NA,NA,NA
Louisiana,43,1,3,acLi,Acyanogenic,ac,Li,Control,Control,1,0,0,0,0,114.11,0.050810893,21.33333333,NA,1,0,0,0,0,401.76,0.00076766,6.733333333
Louisiana,43,1,4,Acli,Acyanogenic,Ac,li,Control,Control,1,0,0,0,0,46.85,0.030725571,36.2,NA,1,1,1,51,1.3075,676.11,NA,9
Louisiana,43,2,1,Acli,Acyanogenic,Ac,li,Reduced,Reduced,0,0,0,0,0,0.58,0.02123954,NA,NA,NA,NA,NA,NA,NA,NA,NA,NA
Louisiana,43,2,2,AcLi,Cyanogenic,Ac,Li,Reduced,Reduced,1,1,1,4,0.0142,296.16,0.024709487,3,NA,0,0,0,0,0,1250.12,NA,NA
Louisiana,43,2,3,acLi,Acyanogenic,ac,Li,Reduced,Reduced,1,0,0,0,0,NA,NA,NA,NA,NA,1,1,7,0.0487,NA,NA,NA
Louisiana,43,2,4,acli,Acyanogenic,ac,li,Reduced,Reduced,1,1,1,27,0.0122,239.49,0.04019348,1,NA,0,1,1,37,0.5059,1593.6,NA,NA
Louisiana,44,1,1,acLi,Acyanogenic,ac,Li,Control,Reduced,1,0,0,0,0,56.86,0.019851056,0.466666667,NA,0,1,1,7,0.0231,1127.54,NA,4.266666667
Louisiana,44,1,2,acli,Acyanogenic,ac,li,Control,Reduced,1,1,1,1,0.0023,41.56,0.016446141,1.066666667,NA,0,0,0,0,0,NA,NA,NA
Louisiana,44,1,3,Acli,Acyanogenic,Ac,li,Control,Reduced,0,0,0,0,0,30.89,0.025500953,0.2,NA,NA,NA,NA,NA,NA,NA,NA,NA
Louisiana,44,1,4,acli,Acyanogenic,ac,li,Control,Reduced,1,0,0,0,0,41.25,0.030380597,0,NA,1,1,1,15,0.1681,582.42,NA,16.53333333
Louisiana,44,2,1,acli,Acyanogenic,ac,li,Reduced,Control,0,0,0,0,0,31.42,NA,NA,NA,NA,NA,NA,NA,NA,NA,NA,NA
Louisiana,44,2,2,AcLi,Cyanogenic,Ac,Li,Reduced,Control,1,1,0,1,0,115.78,0.018499586,5.933333333,NA,0,1,0,7,0,1020.37,NA,NA
Louisiana,44,2,3,Acli,Acyanogenic,Ac,li,Reduced,Control,1,0,0,0,0,193.72,0.018898488,29.53333333,NA,1,0,0,0,0,647.5,NA,20.93333333
Louisiana,44,2,4,acLi,Acyanogenic,ac,Li,Reduced,Control,1,0,0,0,0,67,0.081029743,9.866666667,NA,0,0,0,0,0,308.05,NA,NA
Louisiana,45,1,1,Acli,Acyanogenic,Ac,li,Control,Control,1,1,1,16,0.0001,168.9,0.022082949,20.06666667,NA,0,1,1,29,0.1175,1048.64,NA,NA
Louisiana,45,1,2,acli,Acyanogenic,ac,li,Control,Control,1,0,0,0,0,93.99,0.014910561,12.53333333,NA,1,1,1,7,0.0695,991.58,NA,4.8
Louisiana,45,1,3,acLi,Acyanogenic,ac,Li,Control,Control,1,1,1,14,0.2662,190.16,0.020536971,16.8,NA,0,1,1,148,1.9719,1444.49,NA,NA
Louisiana,45,1,4,AcLi,Cyanogenic,Ac,Li,Control,Control,1,1,1,3,0.0023,131.79,0.02303482,9.933333333,NA,1,1,1,116,0.8172,1776.06,NA,NA
Louisiana,45,2,1,AcLi,Cyanogenic,Ac,Li,Reduced,Reduced,1,1,1,40,0.0058,156.75,0.023262155,0.8,NA,0,1,0,1,0,298.61,NA,5.4
Louisiana,45,2,2,acli,Acyanogenic,ac,li,Reduced,Reduced,1,0,0,0,0,341.93,0.02461635,3.2,NA,1,1,1,6,0.1435,1495.27,0.005683133,21.93333333
Louisiana,45,2,3,acLi,Acyanogenic,ac,Li,Reduced,Reduced,1,1,1,5,0.0023,56.7,0.007637169,2.466666667,NA,1,1,1,4,0.0024,501.19,0.003823947,5.266666667
Louisiana,45,2,4,Acli,Acyanogenic,Ac,li,Reduced,Reduced,1,1,1,71,0.0994,315.76,0.013978783,0.733333333,NA,1,1,1,7,0.0143,513.66,NA,4.8
Louisiana,46,1,1,acli,Acyanogenic,ac,li,Control,Reduced,1,1,1,24,0.0883,190.53,0.012159093,2.666666667,NA,0,1,1,4,0.0905,436.05,NA,23.66666667
Louisiana,46,1,2,acLi,Acyanogenic,ac,Li,Control,Reduced,1,1,1,4,0.004,163.74,0.014828973,1.266666667,NA,0,1,1,108,0.5303,1072.26,NA,8.6
Louisiana,46,1,3,acli,Acyanogenic,ac,li,Control,Reduced,1,1,1,7,0.0039,406.1,0.026442747,1.4,NA,1,1,1,33,0.2526,1377.45,0.002535933,NA
Louisiana,46,1,4,acli,Acyanogenic,ac,li,Control,Reduced,1,1,1,9,0.0217,264.13,0.022618829,4.2,NA,0,1,1,17,0.4264,645.92,NA,NA
Louisiana,46,2,1,acLi,Acyanogenic,ac,Li,Reduced,Reduced,1,1,1,10,0.005,159.33,0.045827076,1.066666667,NA,1,1,1,37,0.063,678.33,NA,6.2
Louisiana,46,2,2,acli,Acyanogenic,ac,li,Reduced,Reduced,1,1,1,25,0.0199,145.27,0.025279173,0,NA,1,1,1,36,0.0277,197.44,NA,2.533333333
Louisiana,46,2,3,AcLi,Cyanogenic,Ac,Li,Reduced,Reduced,1,1,0,3,0,210.17,0.042393604,2.2,NA,0,1,1,43,0.1168,818.1,NA,NA
Louisiana,46,2,4,Acli,Acyanogenic,Ac,li,Reduced,Reduced,1,1,1,33,0.1386,285.17,0.023634408,1.933333333,NA,1,1,1,20,0.0362,1088.49,NA,11.4
Louisiana,47,1,1,acLi,Acyanogenic,ac,Li,Control,Reduced,1,1,1,30,0.0763,231.4,0.025035037,1.066666667,NA,1,1,0,1,0,1101.94,NA,0.266666667
Louisiana,47,1,2,AcLi,Cyanogenic,Ac,Li,Control,Reduced,1,1,0,9,0,227.01,0.019331423,0.266666667,NA,0,1,1,42,0.4709,706.3,NA,NA
Louisiana,47,1,3,acli,Acyanogenic,ac,li,Control,Reduced,1,1,0,3,0,242.75,0.019727492,3.6,NA,0,0,0,0,0,546.03,NA,NA
Louisiana,47,1,4,Acli,Acyanogenic,Ac,li,Control,Reduced,1,1,1,4,0.0007,122.97,0.02570207,3.066666667,NA,0,1,1,31,0.4237,713.38,NA,NA
Louisiana,47,2,1,acli,Acyanogenic,ac,li,Reduced,Reduced,1,0,0,0,0,139.05,0.024471198,2.533333333,NA,0,1,1,3,0.0132,625.76,NA,0.4
Louisiana,47,2,2,Acli,Acyanogenic,Ac,li,Reduced,Reduced,1,1,1,28,0.326,643.47,0.01824787,2.333333333,NA,0,1,0,89,0,2309.68,NA,NA
Louisiana,47,2,3,Acli,Acyanogenic,Ac,li,Reduced,Reduced,1,0,0,0,0,161.77,0.017228799,0.466666667,NA,1,0,0,0,0,186.54,NA,0
Louisiana,47,2,4,acLi,Acyanogenic,ac,Li,Reduced,Reduced,1,1,1,40,0.1521,429.62,0.021941266,0.533333333,NA,0,1,1,22,0.0261,781.91,NA,1.933333333
Louisiana,48,1,1,AcLi,Cyanogenic,Ac,Li,Control,Reduced,1,1,1,5,0.0022,55.03,0.029483701,3.333333333,NA,1,1,1,30,0.0731,1218.53,0.002075059,11.13333333
Louisiana,48,1,2,acLi,Acyanogenic,ac,Li,Control,Reduced,1,1,0,1,0,226.9,0.027062776,7.133333333,NA,1,1,1,43,0.0814,986.17,NA,5
Louisiana,48,1,3,Acli,Acyanogenic,Ac,li,Control,Reduced,1,0,0,0,0,68.05,0.047042222,5.866666667,NA,1,1,1,6,0.0135,600.59,0.000565665,11
Louisiana,48,1,4,acli,Acyanogenic,ac,li,Control,Reduced,1,0,0,0,0,214.91,0.027141483,2.466666667,NA,0,1,0,5,0,1135.53,NA,NA
Louisiana,48,2,1,acli,Acyanogenic,ac,li,Reduced,Control,1,0,0,0,0,37.19,0.01131074,22.06666667,NA,1,0,0,0,0,463.81,NA,1.8
Louisiana,48,2,2,acLi,Acyanogenic,ac,Li,Reduced,Control,1,1,0,1,0,59.51,0.018543524,7.333333333,NA,1,1,1,16,0.0077,788.98,0.002777654,17.46666667
Louisiana,48,2,3,acli,Acyanogenic,ac,li,Reduced,Control,1,0,0,0,0,174.22,0.008674094,7,NA,0,1,1,15,0.1624,1494.88,NA,26.2
Louisiana,48,2,4,Acli,Acyanogenic,Ac,li,Reduced,Control,1,1,0,1,0,84.95,0.009956606,23.86666667,NA,0,1,1,52,0.0203,936.89,NA,10.33333333
